first_name,last_name,email,gender,ip_address
Geoffry,Percy,gpercy0@mail.ru,Bigender,149.44.87.193
Candice,Jacquemet,cjacquemet1@adobe.com,Bigender,167.7.239.13
Regine,Jolland,rjolland2@dion.ne.jp,Non-binary,103.242.165.166
Angie,Allsebrook,aallsebrook3@phpbb.com,Male,190.219.198.233
Gregg,Ladson,gladson4@ed.gov,Genderfluid,240.127.229.55
Chiquita,Pietzker,cpietzker5@mac.com,Female,146.104.145.206
Alejandrina,Elce,aelce6@unesco.org,Female,114.149.192.137
Vivianna,McCullen,vmccullen7@jugem.jp,Male,24.231.81.233
Xavier,Childerhouse,xchilderhouse8@opensource.org,Genderfluid,186.228.221.234
Lotta,Vittore,lvittore9@pinterest.com,Male,102.48.239.151
Austina,Elsom,aelsoma@telegraph.co.uk,Genderqueer,190.219.155.13
Seka,Leach,sleachb@bloglines.com,Male,95.101.79.77
Umberto,Haine,uhainec@deviantart.com,Non-binary,65.246.235.47
Eddi,Gaucher,egaucherd@businessweek.com,Male,0.138.51.33
Antonie,Moulsdall,amoulsdalle@360.cn,Polygender,149.242.138.190
Christin,Michelmore,cmichelmoref@goodreads.com,Agender,71.229.249.94
Catlin,Thaller,cthallerg@sbwire.com,Polygender,106.92.100.108
Griff,Ridpath,gridpathh@blinklist.com,Male,253.190.52.246
Grazia,Pomroy,gpomroyi@godaddy.com,Genderfluid,202.171.250.224
Nancey,Cowing,ncowingj@amazon.com,Genderfluid,153.91.242.79
Inge,Solesbury,isolesburyk@parallels.com,Non-binary,126.179.92.158
Jayme,Leneham,jlenehaml@dot.gov,Bigender,198.106.104.184
Carmelle,Mc Faul,cmcfaulm@baidu.com,Non-binary,143.224.247.11
Masha,Beasant,mbeasantn@prlog.org,Female,145.121.154.68
Fern,Pyett,fpyetto@wisc.edu,Genderfluid,176.54.105.23
Lindi,Gogarty,lgogartyp@hc360.com,Male,70.231.118.102
Lissa,Lared,llaredq@merriam-webster.com,Female,14.232.57.74
Darrick,Daniaud,ddaniaudr@dot.gov,Polygender,51.242.250.231
Toinette,Schoales,tschoaless@sitemeter.com,Polygender,119.234.238.101
Rosabella,Harrill,rharrillt@umich.edu,Male,143.170.35.145
Raquel,Scrooby,rscroobyu@linkedin.com,Bigender,91.4.242.140
Marcile,Halahan,mhalahanv@webs.com,Agender,110.36.253.185
Rene,Coughlin,rcoughlinw@soundcloud.com,Bigender,129.17.77.215
Ada,Karby,akarbyx@cbc.ca,Agender,57.228.158.89
Bendick,Bode,bbodey@scientificamerican.com,Female,127.164.40.108
Shelba,Jannex,sjannexz@t.co,Agender,207.41.116.63
Markos,Grolmann,mgrolmann10@ft.com,Non-binary,254.142.104.236
Jorgan,Housecroft,jhousecroft11@about.com,Non-binary,42.179.40.204
Verile,Demanche,vdemanche12@123-reg.co.uk,Female,70.236.53.74
Salim,Anthes,santhes13@bizjournals.com,Agender,246.144.16.62
Theobald,McNeely,tmcneely14@earthlink.net,Non-binary,99.38.49.10
Carlyn,Heynen,cheynen15@omniture.com,Male,27.214.153.235
Wolfie,Reditt,wreditt16@uol.com.br,Genderfluid,237.131.40.79
Sylvester,Folca,sfolca17@desdev.cn,Genderfluid,213.194.32.113
Basilio,Yitzhakof,byitzhakof18@bandcamp.com,Female,131.48.130.8
Salvidor,Davidge,sdavidge19@admin.ch,Non-binary,153.91.157.222
Ruperta,Orrett,rorrett1a@flavors.me,Non-binary,214.230.98.72
Nahum,Ketts,nketts1b@answers.com,Female,157.179.132.117
Celene,Sammes,csammes1c@craigslist.org,Bigender,223.37.187.13
Katheryn,Dobble,kdobble1d@pbs.org,Genderfluid,219.100.117.33
Wittie,Ormshaw,wormshaw1e@nih.gov,Female,67.172.129.140
Michel,Liepina,mliepina1f@google.es,Female,208.152.193.154
Kimbra,Aleveque,kaleveque1g@bing.com,Genderqueer,4.89.97.133
Judye,Dudding,jdudding1h@ihg.com,Male,188.104.54.58
Gertrude,Delucia,gdelucia1i@nature.com,Genderqueer,148.238.100.236
Darya,Chaplain,dchaplain1j@dion.ne.jp,Genderfluid,163.186.107.116
Inger,Murfill,imurfill1k@geocities.jp,Polygender,25.32.150.46
Jereme,Hinckley,jhinckley1l@goodreads.com,Male,196.255.210.98
Shawn,Gremane,sgremane1m@buzzfeed.com,Genderfluid,188.12.110.203
Roberto,Bernardoux,rbernardoux1n@wiley.com,Female,248.85.160.190
Dallas,Vickerstaff,dvickerstaff1o@mozilla.com,Male,12.80.228.126
Pen,Minshull,pminshull1p@ovh.net,Non-binary,186.137.15.162
Ab,Freshwater,afreshwater1q@reverbnation.com,Male,82.226.39.240
Delphine,Yarham,dyarham1r@abc.net.au,Polygender,228.126.187.111
Shea,Guitt,sguitt1s@boston.com,Non-binary,237.57.111.142
Editha,Sekulla,esekulla1t@nih.gov,Male,33.251.96.253
Halimeda,Milkin,hmilkin1u@census.gov,Genderfluid,72.51.19.75
Heall,McKeeman,hmckeeman1v@altervista.org,Polygender,98.20.166.146
Rozella,Fumagallo,rfumagallo1w@livejournal.com,Genderqueer,63.252.129.206
Gennifer,Blyth,gblyth1x@biglobe.ne.jp,Male,54.228.102.248
Fifine,Chatt,fchatt1y@pagesperso-orange.fr,Genderfluid,35.39.137.215
Emilio,Herculson,eherculson1z@wix.com,Male,5.250.202.125
Leicester,Dennett,ldennett20@yahoo.com,Bigender,249.29.224.211
Nicolas,Fernez,nfernez21@digg.com,Genderfluid,178.113.230.65
Kasey,Ollerhead,kollerhead22@shop-pro.jp,Genderqueer,112.155.51.114
Arlin,Englefield,aenglefield23@eventbrite.com,Genderqueer,136.224.156.186
Lynnette,Geaveny,lgeaveny24@ox.ac.uk,Polygender,93.247.171.20
Penelopa,Olivari,polivari25@wiley.com,Genderfluid,192.179.21.111
Shela,Boundy,sboundy26@princeton.edu,Genderqueer,216.79.144.129
Marius,Ginner,mginner27@hatena.ne.jp,Bigender,23.141.232.106
Aurilia,Lindsley,alindsley28@noaa.gov,Genderqueer,158.155.103.92
Marcellina,Dungate,mdungate29@goo.gl,Genderqueer,26.195.136.89
Giulia,Goucher,ggoucher2a@forbes.com,Genderqueer,168.37.115.16
Siward,Ducker,sducker2b@tamu.edu,Agender,230.144.190.66
Dirk,Nowlan,dnowlan2c@webeden.co.uk,Genderqueer,253.94.234.158
Orlan,Dencs,odencs2d@php.net,Genderfluid,3.6.37.122
Linus,Master,lmaster2e@live.com,Agender,180.134.77.230
Isa,Siburn,isiburn2f@flavors.me,Male,40.36.213.196
Fin,Deplacido,fdeplacido2g@washingtonpost.com,Genderfluid,164.173.125.233
Rheba,Yter,ryter2h@wisc.edu,Genderfluid,18.168.94.48
Fritz,Cushe,fcushe2i@xinhuanet.com,Bigender,226.42.227.24
Ambrosius,Aldhous,aaldhous2j@discovery.com,Female,234.118.106.59
Malena,Segar,msegar2k@webmd.com,Bigender,87.232.169.32
Rocky,Buzzing,rbuzzing2l@yellowpages.com,Female,10.179.27.235
Corrianne,Taber,ctaber2m@wsj.com,Genderfluid,179.64.182.122
Theressa,Brasted,tbrasted2n@jugem.jp,Non-binary,138.236.103.251
Hannis,McPaike,hmcpaike2o@cloudflare.com,Genderfluid,49.176.182.15
Erminie,Walthall,ewalthall2p@japanpost.jp,Genderfluid,155.162.29.215
Vittoria,Lovel,vlovel2q@google.com.hk,Male,224.183.72.137
Liza,Earpe,learpe2r@ed.gov,Agender,137.176.52.202
Fredericka,Bath,fbath2s@unesco.org,Genderqueer,27.12.102.253
Yulma,Gorry,ygorry2t@geocities.jp,Agender,131.150.224.105
Ariela,Sweed,asweed2u@shinystat.com,Male,123.143.129.196
Gaby,Harly,gharly2v@histats.com,Female,128.142.2.203
Stephana,Coulton,scoulton2w@github.com,Agender,139.129.118.61
Alexio,Lukovic,alukovic2x@i2i.jp,Polygender,87.112.193.233
Eolande,Annott,eannott2y@weebly.com,Female,235.170.166.123
Noreen,Bouette,nbouette2z@pen.io,Bigender,57.250.89.138
Dill,Strathdee,dstrathdee30@senate.gov,Non-binary,136.194.35.76
Mirna,Burds,mburds31@yale.edu,Bigender,186.60.122.136
Fidelity,Danielski,fdanielski32@irs.gov,Male,146.196.232.140
Norby,Torfin,ntorfin33@nsw.gov.au,Female,208.158.239.233
Verne,Crookes,vcrookes34@reverbnation.com,Male,218.95.17.169
Raphaela,Dockree,rdockree35@unblog.fr,Genderqueer,65.81.148.13
Cassandry,Shillan,cshillan36@wired.com,Female,167.241.233.80
Baldwin,Bewsey,bbewsey37@biblegateway.com,Male,176.190.212.24
Maximilianus,Ghelarducci,mghelarducci38@businessweek.com,Genderfluid,106.53.45.14
Brewster,Good,bgood39@washington.edu,Genderqueer,206.77.120.20
Robert,Jarrell,rjarrell3a@jimdo.com,Male,44.235.41.2
Gladys,Lay,glay3b@1688.com,Polygender,252.182.39.39
Gabriela,Doubrava,gdoubrava3c@wunderground.com,Non-binary,163.202.161.124
Roz,Puckham,rpuckham3d@acquirethisname.com,Genderfluid,12.34.177.65
Averill,Bonwell,abonwell3e@comsenz.com,Male,77.130.54.47
Matthew,Maidstone,mmaidstone3f@cocolog-nifty.com,Male,152.131.139.83
Temple,Pibworth,tpibworth3g@weibo.com,Non-binary,146.6.165.114
Otis,Downes,odownes3h@liveinternet.ru,Non-binary,200.178.116.163
Dolph,McLean,dmclean3i@liveinternet.ru,Non-binary,146.163.128.63
Dulcinea,Gartan,dgartan3j@latimes.com,Non-binary,135.253.194.232
Meagan,Baseley,mbaseley3k@usatoday.com,Bigender,48.4.252.0
Pepita,Hornig,phornig3l@shinystat.com,Non-binary,228.99.234.111
Bryon,Alesio,balesio3m@aboutads.info,Polygender,54.148.122.159
Ambur,Bartlosz,abartlosz3n@rambler.ru,Agender,227.242.10.242
Luke,Jillett,ljillett3o@webeden.co.uk,Agender,32.217.149.21
Viviene,Pelman,vpelman3p@icio.us,Bigender,128.65.180.231
Tyson,Bavridge,tbavridge3q@time.com,Genderqueer,233.191.64.153
Mal,Bodega,mbodega3r@csmonitor.com,Agender,182.225.137.110
Jereme,Fomichyov,jfomichyov3s@ebay.com,Bigender,57.48.107.74
Lida,Stryde,lstryde3t@amazonaws.com,Polygender,236.214.179.145
Adara,Bratch,abratch3u@gov.uk,Male,201.113.16.22
Gerladina,Ralls,gralls3v@cnbc.com,Agender,16.253.117.90
Evelina,Hunting,ehunting3w@woothemes.com,Polygender,177.137.19.206
Karlis,Kroin,kkroin3x@bandcamp.com,Non-binary,20.96.163.1
Tuckie,Caccavari,tcaccavari3y@soundcloud.com,Genderfluid,55.188.28.33
Ben,Malec,bmalec3z@meetup.com,Polygender,219.159.184.134
Trisha,Goulston,tgoulston40@list-manage.com,Agender,137.254.26.102
Imojean,McGucken,imcgucken41@addtoany.com,Polygender,170.35.70.57
Bernete,Buye,bbuye42@nbcnews.com,Male,161.159.195.231
Burton,Kinde,bkinde43@cmu.edu,Genderqueer,210.116.118.52
Eveline,Innocent,einnocent44@comsenz.com,Male,214.210.223.19
Forster,Bon,fbon45@google.de,Genderqueer,49.102.13.217
Mabelle,Cullivan,mcullivan46@uol.com.br,Male,181.108.178.51
Madel,Cawdery,mcawdery47@google.co.uk,Bigender,3.248.78.253
Cletus,Thying,cthying48@youku.com,Non-binary,240.12.236.193
Felecia,Born,fborn49@ycombinator.com,Female,83.99.12.254
Liva,Speachley,lspeachley4a@barnesandnoble.com,Genderqueer,163.232.92.102
Munmro,Safe,msafe4b@fastcompany.com,Genderfluid,119.228.230.39
Carmine,Lamberti,clamberti4c@csmonitor.com,Non-binary,23.200.100.61
Shelbi,Belward,sbelward4d@slideshare.net,Polygender,168.202.88.116
Lena,Helliar,lhelliar4e@amazon.de,Non-binary,202.166.242.10
Rhett,McGilmartin,rmcgilmartin4f@accuweather.com,Bigender,17.44.146.140
Johnath,Wrout,jwrout4g@xrea.com,Male,73.226.214.69
Cullin,Battershall,cbattershall4h@google.ru,Polygender,140.27.176.202
Ernestus,Melville,emelville4i@scribd.com,Genderfluid,122.37.18.13
Ekaterina,Senechell,esenechell4j@arstechnica.com,Bigender,154.217.153.49
Liz,Polin,lpolin4k@home.pl,Non-binary,109.143.69.208
Pacorro,Dahmke,pdahmke4l@1und1.de,Polygender,142.59.20.182
Melba,Solano,msolano4m@cbslocal.com,Non-binary,168.146.7.194
Vivianna,Grenfell,vgrenfell4n@joomla.org,Male,104.86.141.240
Nat,Palfreyman,npalfreyman4o@slashdot.org,Genderqueer,12.248.253.141
Kaia,Gillooly,kgillooly4p@indiatimes.com,Genderqueer,140.18.4.209
Donelle,Bricham,dbricham4q@nhs.uk,Polygender,236.19.36.63
Louis,Powis,lpowis4r@reference.com,Female,255.172.201.204
Herman,Erlam,herlam4s@weebly.com,Genderqueer,228.140.67.231
Goldie,Hambright,ghambright4t@who.int,Male,156.53.98.204
Bryanty,Colt,bcolt4u@gmpg.org,Female,126.244.211.241
Kylie,Wistance,kwistance4v@virginia.edu,Agender,22.244.203.29
Bambi,Lambe,blambe4w@seattletimes.com,Agender,93.255.105.26
Terrence,Orans,torans4x@blog.com,Genderqueer,15.242.189.21
Lida,Doswell,ldoswell4y@nasa.gov,Non-binary,107.32.84.59
Bayard,Ekell,bekell4z@histats.com,Non-binary,47.94.191.120
Tudor,Lesmonde,tlesmonde50@nature.com,Agender,39.244.212.197
Meredith,Tamburo,mtamburo51@mysql.com,Female,84.18.102.67
Brand,Rourke,brourke52@eepurl.com,Agender,186.206.208.167
Otha,Penhall,openhall53@businessweek.com,Genderfluid,9.25.107.63
Hal,Dunbobbin,hdunbobbin54@ezinearticles.com,Genderqueer,215.70.168.125
Dorise,Hambidge,dhambidge55@jiathis.com,Female,85.135.97.233
Fowler,Batkin,fbatkin56@geocities.com,Genderfluid,138.97.173.95
Ruddie,Jeffcock,rjeffcock57@uol.com.br,Genderqueer,194.208.128.204
Alida,Checcucci,acheccucci58@netscape.com,Male,25.173.42.138
Katina,Whates,kwhates59@xing.com,Bigender,59.51.79.212
Urbano,Burgin,uburgin5a@unicef.org,Female,196.164.229.178
Page,Bicheno,pbicheno5b@reference.com,Genderqueer,248.227.134.215
Abran,Brodway,abrodway5c@chronoengine.com,Bigender,168.116.132.64
Lion,Craisford,lcraisford5d@baidu.com,Genderfluid,207.229.47.36
Bobbye,Attree,battree5e@ox.ac.uk,Genderfluid,131.14.125.212
Zandra,Leveret,zleveret5f@ow.ly,Non-binary,223.181.225.12
Jaquith,Gonthard,jgonthard5g@barnesandnoble.com,Agender,105.84.201.206
Marchelle,Dingate,mdingate5h@homestead.com,Male,228.82.203.149
Kim,Errichelli,kerrichelli5i@virginia.edu,Non-binary,52.41.61.194
Lefty,McEntegart,lmcentegart5j@so-net.ne.jp,Male,151.208.119.55
Raeann,Butland,rbutland5k@friendfeed.com,Male,202.226.29.235
Katina,Balam,kbalam5l@dailymotion.com,Male,59.10.83.234
Teddy,Crauford,tcrauford5m@geocities.com,Bigender,23.146.251.100
Guinevere,Peppett,gpeppett5n@amazonaws.com,Polygender,59.210.231.1
Ajay,Farebrother,afarebrother5o@hubpages.com,Polygender,43.58.161.52
Standford,Meaney,smeaney5p@histats.com,Non-binary,218.107.29.198
Aubert,Linford,alinford5q@cnet.com,Male,145.22.140.234
Thaddeus,Barbisch,tbarbisch5r@ihg.com,Female,80.145.222.240
Helena,Mallebone,hmallebone5s@arstechnica.com,Male,145.3.121.221
Brigg,Jimpson,bjimpson5t@blogspot.com,Genderqueer,30.97.9.6
Sebastien,Diamond,sdiamond5u@g.co,Polygender,223.226.49.49
Hildagard,Formilli,hformilli5v@nba.com,Bigender,196.77.125.11
Christyna,Noddle,cnoddle5w@hexun.com,Agender,68.45.8.159
Lyon,Kave,lkave5x@foxnews.com,Genderqueer,237.8.126.174
Avrom,Bayne,abayne5y@hc360.com,Genderqueer,166.216.47.168
Ginnie,Gelly,ggelly5z@indiegogo.com,Agender,167.69.58.56
Idette,Berrill,iberrill60@about.me,Non-binary,169.214.27.239
Juan,Rowston,jrowston61@pagesperso-orange.fr,Polygender,223.70.149.32
Harper,Guidetti,hguidetti62@addthis.com,Polygender,168.234.128.49
Cindie,Rubinfajn,crubinfajn63@nhs.uk,Bigender,58.227.109.182
Philippe,Pundy,ppundy64@mlb.com,Non-binary,150.191.95.122
Carolan,Epgrave,cepgrave65@shareasale.com,Bigender,210.190.118.170
Mommy,Greir,mgreir66@huffingtonpost.com,Bigender,48.20.164.25
Taddeo,Alster,talster67@accuweather.com,Bigender,204.48.196.237
Simon,Shervington,sshervington68@businessweek.com,Polygender,62.127.239.15
Leroy,Meakin,lmeakin69@disqus.com,Genderfluid,188.111.209.132
Andras,Burchess,aburchess6a@instagram.com,Male,121.212.116.55
Ola,Cockitt,ocockitt6b@bandcamp.com,Female,225.66.132.123
Irvine,Drepp,idrepp6c@google.it,Agender,255.209.198.1
Maud,Mattheissen,mmattheissen6d@illinois.edu,Agender,117.188.17.80
Lorrayne,Fraczek,lfraczek6e@nytimes.com,Female,56.124.44.39
Glory,Millhouse,gmillhouse6f@privacy.gov.au,Female,81.205.233.37
Otha,Palfreman,opalfreman6g@usgs.gov,Non-binary,124.158.1.31
Gleda,Raiman,graiman6h@dagondesign.com,Female,173.44.12.93
Thorpe,Beaulieu,tbeaulieu6i@comcast.net,Male,177.153.184.53
Cherin,Braund,cbraund6j@bbc.co.uk,Agender,40.152.220.238
Clemmy,Kubin,ckubin6k@dell.com,Non-binary,175.185.22.119
Joete,Maith,jmaith6l@psu.edu,Male,147.128.22.86
Phil,Silverstone,psilverstone6m@comsenz.com,Non-binary,189.76.31.12
Silvie,Pippard,spippard6n@epa.gov,Agender,121.4.17.98
Mortie,Roly,mroly6o@go.com,Genderqueer,165.145.1.117
Kerrie,Rickwood,krickwood6p@topsy.com,Male,137.112.184.64
Averil,Impy,aimpy6q@earthlink.net,Agender,3.224.214.63
Bernie,Hundall,bhundall6r@cdbaby.com,Bigender,50.102.48.155
Shepherd,Dowker,sdowker6s@seattletimes.com,Polygender,191.106.64.46
Grethel,Fursland,gfursland6t@altervista.org,Polygender,112.101.167.150
Alfie,Barnhill,abarnhill6u@rakuten.co.jp,Agender,133.34.197.165
Gratiana,Dahill,gdahill6v@vinaora.com,Genderfluid,237.186.105.102
Dehlia,Kynston,dkynston6w@bigcartel.com,Male,102.29.111.66
Sarine,Marfield,smarfield6x@dropbox.com,Bigender,134.160.107.25
Jeremias,Chelnam,jchelnam6y@gravatar.com,Non-binary,212.102.231.47
Brock,Chisolm,bchisolm6z@accuweather.com,Genderfluid,231.6.12.61
Averyl,Androsik,aandrosik70@imdb.com,Genderfluid,1.79.232.157
Reiko,Fulger,rfulger71@blogspot.com,Non-binary,231.249.205.216
Fitz,Houndsom,fhoundsom72@shareasale.com,Polygender,148.210.248.184
Dieter,Gabits,dgabits73@fastcompany.com,Non-binary,235.5.65.240
Demetris,Skym,dskym74@stumbleupon.com,Agender,249.23.113.40
Jennette,Kyberd,jkyberd75@upenn.edu,Non-binary,183.241.138.129
Susanna,Dowtry,sdowtry76@lycos.com,Bigender,69.17.29.96
Buckie,Rounds,brounds77@thetimes.co.uk,Agender,100.25.64.242
Riva,Whannel,rwhannel78@rediff.com,Polygender,180.8.174.157
Alon,Bogies,abogies79@nasa.gov,Genderqueer,145.9.198.82
Eartha,Shulem,eshulem7a@last.fm,Genderfluid,201.213.84.255
Hymie,MacTeggart,hmacteggart7b@answers.com,Female,193.230.110.64
Solomon,Ivatts,sivatts7c@dot.gov,Non-binary,68.18.247.110
Deva,Ranson,dranson7d@google.com.br,Non-binary,220.149.156.88
Nomi,Pulfer,npulfer7e@fema.gov,Genderfluid,255.63.165.113
Dina,Gresswood,dgresswood7f@cloudflare.com,Non-binary,68.16.16.89
Brett,McPhillips,bmcphillips7g@google.com.au,Female,94.234.166.33
Olvan,Humphris,ohumphris7h@ca.gov,Male,23.23.52.171
Anastasia,Hixson,ahixson7i@apple.com,Polygender,109.176.50.228
Jacenta,Ritmeier,jritmeier7j@upenn.edu,Male,240.146.246.243
Lesya,Hudspeth,lhudspeth7k@behance.net,Non-binary,25.188.171.216
Claudina,Harpur,charpur7l@reference.com,Bigender,141.46.140.65
Kameko,Hopfner,khopfner7m@wikimedia.org,Polygender,197.237.233.46
Harmonia,Strickland,hstrickland7n@angelfire.com,Genderqueer,238.237.17.164
Berty,Gulberg,bgulberg7o@google.de,Genderqueer,208.148.16.143
Giorgi,Kuhl,gkuhl7p@reddit.com,Genderqueer,116.27.168.34
De witt,Remer,dremer7q@stanford.edu,Bigender,85.185.103.95
Winni,Yon,wyon7r@nyu.edu,Genderqueer,222.245.235.234
Kimmi,Meddows,kmeddows7s@biglobe.ne.jp,Male,28.245.10.70
Angelique,Wiburn,awiburn7t@google.de,Male,192.53.213.225
Bjorn,Haining,bhaining7u@squidoo.com,Genderfluid,157.81.248.255
Shanta,Harrow,sharrow7v@github.io,Bigender,206.135.151.89
Vi,Coneley,vconeley7w@berkeley.edu,Bigender,251.231.130.224
Quinn,Eringey,qeringey7x@surveymonkey.com,Polygender,76.34.221.40
Lynnet,Monteath,lmonteath7y@bing.com,Genderqueer,30.178.242.163
Catharina,Yeardsley,cyeardsley7z@trellian.com,Genderqueer,168.159.186.210
Josepha,Sedgman,jsedgman80@constantcontact.com,Genderfluid,91.150.246.38
Terrance,Fulstow,tfulstow81@simplemachines.org,Female,104.89.56.17
Douglas,Oakly,doakly82@accuweather.com,Genderfluid,228.160.110.147
Raimondo,Slamaker,rslamaker83@alibaba.com,Female,246.185.84.98
Winna,Carstairs,wcarstairs84@sakura.ne.jp,Genderqueer,48.150.192.237
Federico,Mohammad,fmohammad85@wisc.edu,Male,60.103.137.150
Werner,Kreuzer,wkreuzer86@google.com.br,Non-binary,6.200.94.12
Borg,Ebbings,bebbings87@liveinternet.ru,Male,68.135.54.53
Alanah,Santus,asantus88@umich.edu,Male,108.217.130.184
Netty,Beere,nbeere89@admin.ch,Bigender,248.181.103.185
Malachi,Jodlowski,mjodlowski8a@gizmodo.com,Agender,170.35.119.2
Shawna,Eynaud,seynaud8b@bloglovin.com,Genderqueer,200.36.225.77
Raine,Kettlesing,rkettlesing8c@businessweek.com,Polygender,210.177.56.192
Nichol,Wrangle,nwrangle8d@house.gov,Genderqueer,201.241.95.178
Lizbeth,Short,lshort8e@cnbc.com,Bigender,33.235.8.168
Ennis,Cherrison,echerrison8f@netvibes.com,Polygender,170.164.139.168
Jilli,Potell,jpotell8g@usgs.gov,Bigender,31.222.164.169
Calley,Konzel,ckonzel8h@diigo.com,Genderqueer,152.104.130.103
Hailey,Hariot,hhariot8i@umn.edu,Female,165.68.48.248
Arel,Antonin,aantonin8j@google.pl,Agender,152.83.131.57
Eugenio,Borrie,eborrie8k@japanpost.jp,Genderfluid,134.67.181.107
Howey,Danev,hdanev8l@oaic.gov.au,Genderqueer,200.173.226.127
Humphrey,Klaiser,hklaiser8m@yahoo.co.jp,Non-binary,132.19.43.226
Dorothea,Camerello,dcamerello8n@nytimes.com,Bigender,11.142.206.199
Hurley,Cardinal,hcardinal8o@omniture.com,Agender,161.165.114.108
Michaella,Oris,moris8p@instagram.com,Bigender,201.198.235.190
Waly,Eddow,weddow8q@reddit.com,Non-binary,197.106.199.188
Fanya,Jeffcoate,fjeffcoate8r@cisco.com,Male,41.241.176.143
Halsy,Ormonde,hormonde8s@chronoengine.com,Genderfluid,60.97.189.47
Nolan,Portis,nportis8t@dagondesign.com,Female,183.125.36.203
Giacopo,Seel,gseel8u@hc360.com,Polygender,1.53.222.30
Vallie,Lent,vlent8v@ucoz.ru,Non-binary,170.61.72.60
Marina,Pettingill,mpettingill8w@si.edu,Non-binary,106.63.135.117
Manda,Kelle,mkelle8x@networkadvertising.org,Bigender,202.120.241.33
Aundrea,Virgo,avirgo8y@google.de,Bigender,63.229.245.117
Penelope,Jenicke,pjenicke8z@fotki.com,Non-binary,62.148.232.32
Jenica,Rowesby,jrowesby90@ehow.com,Male,173.28.242.82
Roseline,Gleave,rgleave91@chron.com,Agender,108.145.209.80
Benedetto,Durnall,bdurnall92@npr.org,Genderqueer,239.49.7.46
Rosalia,Barthelemy,rbarthelemy93@furl.net,Genderfluid,164.17.124.245
Minda,Madgewick,mmadgewick94@tumblr.com,Genderqueer,1.24.128.168
Jase,Berfoot,jberfoot95@unicef.org,Non-binary,127.93.249.192
Jaclin,Grewar,jgrewar96@chronoengine.com,Polygender,111.107.14.186
Corenda,Lusher,clusher97@dedecms.com,Male,45.135.148.163
Engracia,Cullabine,ecullabine98@posterous.com,Agender,246.53.209.152
Sunshine,Issakov,sissakov99@topsy.com,Non-binary,235.146.164.226
Sileas,Kimmings,skimmings9a@ted.com,Genderqueer,23.180.195.215
Dedra,Dilrew,ddilrew9b@naver.com,Genderqueer,102.216.105.211
Carline,Fitch,cfitch9c@paginegialle.it,Agender,102.18.107.18
Meredeth,Ell,mell9d@oaic.gov.au,Genderqueer,176.132.134.35
Kimberli,Hosier,khosier9e@apache.org,Polygender,153.183.172.171
Vasily,Blewitt,vblewitt9f@reuters.com,Non-binary,241.124.116.131
Geri,Natt,gnatt9g@gov.uk,Agender,117.9.8.98
Elle,Clausson,eclausson9h@squarespace.com,Genderfluid,200.81.230.53
Ryan,Clail,rclail9i@google.fr,Female,151.114.138.113
Pincus,Briffett,pbriffett9j@trellian.com,Bigender,225.146.229.242
Dorena,Aplin,daplin9k@boston.com,Agender,23.64.132.76
Orbadiah,Coop,ocoop9l@deviantart.com,Male,20.117.124.29
Madison,Kirgan,mkirgan9m@cargocollective.com,Non-binary,55.68.133.244
Nicolette,Seignior,nseignior9n@blinklist.com,Genderfluid,124.145.251.120
Carolynn,Mowatt,cmowatt9o@csmonitor.com,Polygender,52.73.3.249
Brittney,Brennenstuhl,bbrennenstuhl9p@freewebs.com,Genderqueer,17.14.95.64
Kiah,Shera,kshera9q@paypal.com,Non-binary,69.35.171.84
Cecil,Jandera,cjandera9r@bloglines.com,Genderfluid,99.148.182.135
Thurston,Vaux,tvaux9s@bloglines.com,Genderfluid,240.59.126.124
Dorothy,Malloch,dmalloch9t@geocities.com,Genderfluid,221.118.38.43
Donaugh,Roxburgh,droxburgh9u@ca.gov,Male,199.23.189.48
Cobbie,Beckhurst,cbeckhurst9v@list-manage.com,Non-binary,74.164.46.121
Chery,Pauletti,cpauletti9w@washingtonpost.com,Female,121.199.65.221
Shirley,Veldstra,sveldstra9x@goo.ne.jp,Non-binary,71.207.227.107
Kippy,Alvy,kalvy9y@hc360.com,Female,55.140.124.135
Jacinda,MacSharry,jmacsharry9z@google.ca,Polygender,138.77.201.139
Graeme,Burns,gburnsa0@pcworld.com,Bigender,65.19.153.236
Jerome,Posten,jpostena1@sun.com,Genderfluid,228.203.86.251
Irving,Killwick,ikillwicka2@howstuffworks.com,Bigender,194.122.38.68
Guillema,Krout,gkrouta3@weebly.com,Male,46.116.39.209
Reta,Imlach,rimlacha4@twitter.com,Genderfluid,156.56.255.51
Nobie,Stallan,nstallana5@hibu.com,Genderfluid,135.182.159.181
Cordy,Dahle,cdahlea6@slashdot.org,Polygender,129.161.70.153
Artur,Haggar,ahaggara7@nps.gov,Non-binary,18.241.51.171
Lucie,Geere,lgeerea8@mac.com,Agender,249.132.118.132
Hamid,Banke,hbankea9@narod.ru,Female,71.143.201.64
Blinnie,Walls,bwallsaa@bbb.org,Non-binary,96.126.189.32
Mallorie,Jellings,mjellingsab@elegantthemes.com,Agender,65.172.97.12
Giselle,Tremellan,gtremellanac@examiner.com,Genderqueer,206.251.196.165
Ibby,Brookzie,ibrookziead@google.fr,Agender,190.161.19.182
Tessi,Vasishchev,tvasishchevae@auda.org.au,Genderfluid,102.223.205.233
Winna,Strasse,wstrasseaf@dailymotion.com,Genderfluid,203.250.196.1
Amie,Goroni,agoroniag@techcrunch.com,Bigender,160.89.192.13
Hewett,Beeckx,hbeeckxah@ow.ly,Male,23.162.43.158
Friederike,Casolla,fcasollaai@yellowbook.com,Genderqueer,107.46.100.248
Ced,Asman,casmanaj@bigcartel.com,Genderfluid,178.5.152.250
Jessie,Allman,jallmanak@hibu.com,Non-binary,115.240.133.132
Lindie,Hanscom,lhanscomal@bbc.co.uk,Male,236.8.90.152
Charlean,Ferrier,cferrieram@prweb.com,Agender,239.196.228.210
Sydney,Wearing,swearingan@webnode.com,Polygender,170.135.244.180
Adrianna,Eldritt,aeldrittao@freewebs.com,Genderfluid,68.232.254.148
Lucian,Geri,lgeriap@rediff.com,Male,109.219.248.62
Onfre,Cadwell,ocadwellaq@wikimedia.org,Bigender,81.145.131.212
Jobina,Timpany,jtimpanyar@behance.net,Polygender,187.190.109.243
Felizio,Jostan,fjostanas@google.cn,Non-binary,8.222.182.147
Nobie,Haigh,nhaighat@elegantthemes.com,Genderfluid,102.219.216.18
Garfield,Raddon,graddonau@imageshack.us,Male,231.189.30.129
Nicky,Haldane,nhaldaneav@ustream.tv,Female,149.172.130.51
Karee,Sawood,ksawoodaw@ehow.com,Polygender,107.62.220.47
Dorothee,Pawlata,dpawlataax@cpanel.net,Female,186.197.34.40
Renata,Prendiville,rprendivilleay@nsw.gov.au,Agender,242.231.115.80
Coletta,Dranfield,cdranfieldaz@surveymonkey.com,Female,204.134.160.111
Bear,Detoile,bdetoileb0@cbsnews.com,Bigender,46.6.196.214
Germaine,Surgeoner,gsurgeonerb1@nba.com,Agender,61.47.20.236
Jaine,Mougenel,jmougenelb2@howstuffworks.com,Polygender,236.82.135.66
Mycah,Haslum,mhaslumb3@noaa.gov,Polygender,168.132.33.157
Leoine,McCool,lmccoolb4@bandcamp.com,Agender,233.163.202.200
Marlee,Pymer,mpymerb5@skyrock.com,Female,153.117.82.130
Goldina,Warwicker,gwarwickerb6@thetimes.co.uk,Polygender,41.227.123.212
Maryrose,Kunat,mkunatb7@squidoo.com,Female,77.194.181.251
Cam,McCord,cmccordb8@bizjournals.com,Non-binary,84.194.60.231
Dwain,Marconi,dmarconib9@youtube.com,Non-binary,239.67.213.78
Maiga,Silwood,msilwoodba@bloomberg.com,Genderqueer,159.153.117.117
Fidelia,Andrysiak,fandrysiakbb@webnode.com,Male,244.11.87.203
Charlotta,Sline,cslinebc@rediff.com,Polygender,24.119.18.206
Boony,Domerq,bdomerqbd@msn.com,Polygender,139.186.246.125
Harp,Peare,hpearebe@alexa.com,Genderfluid,4.199.121.113
Salim,O'Scollain,soscollainbf@unesco.org,Genderqueer,176.159.19.246
Whitby,Abels,wabelsbg@baidu.com,Agender,240.252.122.154
Benjamin,Goldine,bgoldinebh@t-online.de,Agender,73.43.104.247
Janaye,Easterfield,jeasterfieldbi@biblegateway.com,Genderfluid,28.121.130.232
Jelene,Habben,jhabbenbj@answers.com,Female,13.170.137.116
Caro,Helian,chelianbk@prweb.com,Male,9.206.69.163
Elbertine,Mealiffe,emealiffebl@digg.com,Agender,182.53.222.202
Mendie,Fludgate,mfludgatebm@so-net.ne.jp,Agender,252.20.70.156
Kingsley,Davage,kdavagebn@bravesites.com,Male,255.82.253.99
Erinn,Boreham,eborehambo@geocities.jp,Female,21.217.236.73
Rica,Mallows,rmallowsbp@foxnews.com,Male,126.164.119.0
Pasquale,Bruni,pbrunibq@deliciousdays.com,Genderfluid,235.115.122.200
Idelle,Yarwood,iyarwoodbr@nps.gov,Male,106.91.192.174
Elmo,Hovey,ehoveybs@people.com.cn,Male,73.193.173.103
Pippa,Bigrigg,pbigriggbt@photobucket.com,Non-binary,144.104.162.240
Raf,McGinty,rmcgintybu@infoseek.co.jp,Agender,100.254.1.6
Nataniel,Clemens,nclemensbv@parallels.com,Agender,188.102.121.215
Iago,Kiendl,ikiendlbw@xing.com,Polygender,88.223.220.242
Barth,Smidmor,bsmidmorbx@mozilla.org,Non-binary,83.59.89.175
Isadora,McHan,imchanby@desdev.cn,Male,25.198.27.195
Janaye,Bradd,jbraddbz@comcast.net,Non-binary,255.65.228.125
Doralynne,Rubinchik,drubinchikc0@w3.org,Non-binary,76.247.192.182
Mignonne,Tomasoni,mtomasonic1@jiathis.com,Non-binary,111.40.119.20
Irita,Howels,ihowelsc2@google.com.hk,Bigender,203.59.46.211
Sidney,Sieur,ssieurc3@meetup.com,Genderfluid,65.62.224.167
Crawford,Veale,cvealec4@sciencedirect.com,Male,237.244.158.74
Consuela,Willerstone,cwillerstonec5@businesswire.com,Female,194.147.14.195
Violante,Gounin,vgouninc6@uiuc.edu,Genderqueer,140.254.225.174
Mozelle,Musselwhite,mmusselwhitec7@pagesperso-orange.fr,Non-binary,245.210.187.84
Merissa,Elvins,melvinsc8@howstuffworks.com,Agender,90.0.107.0
Chancey,Bohje,cbohjec9@tinyurl.com,Genderqueer,235.76.207.133
Marchelle,Frawley,mfrawleyca@instagram.com,Genderfluid,64.210.156.209
Benedick,Eisig,beisigcb@indiatimes.com,Genderqueer,11.243.86.253
Cherry,Sommersett,csommersettcc@about.com,Genderfluid,253.162.186.176
Andras,Lere,alerecd@marketwatch.com,Genderqueer,24.42.168.20
Rozella,Leach,rleachce@sitemeter.com,Female,24.53.107.198
Merrili,McEntagart,mmcentagartcf@foxnews.com,Bigender,67.153.151.44
Sibelle,Dinesen,sdinesencg@squidoo.com,Genderqueer,86.176.141.217
Welsh,Pitceathly,wpitceathlych@nymag.com,Genderfluid,111.122.151.225
Merwin,Reddle,mreddleci@sourceforge.net,Female,118.201.255.48
Kaila,Johnston,kjohnstoncj@moonfruit.com,Agender,30.46.216.111
Harrietta,Serfati,hserfatick@apache.org,Non-binary,106.255.232.180
Maddie,Willavize,mwillavizecl@ow.ly,Male,0.123.125.183
Clarissa,Kem,ckemcm@arstechnica.com,Polygender,127.62.148.127
Fairfax,Fost,ffostcn@ed.gov,Genderfluid,123.87.84.67
Marcie,Scane,mscaneco@csmonitor.com,Bigender,85.71.199.0
Noble,Clarkson,nclarksoncp@yellowpages.com,Bigender,159.128.232.148
Cooper,Richings,crichingscq@sakura.ne.jp,Non-binary,2.206.107.245
Margie,Hysom,mhysomcr@google.es,Non-binary,208.1.110.17
Ricky,Yorston,ryorstoncs@wsj.com,Genderfluid,189.150.55.240
Linette,Karadzas,lkaradzasct@webs.com,Male,128.213.221.3
Finley,Domokos,fdomokoscu@seattletimes.com,Female,68.209.212.178
Fidel,FitzGilbert,ffitzgilbertcv@wikipedia.org,Bigender,135.169.211.90
Giorgia,Sobey,gsobeycw@narod.ru,Polygender,213.115.126.224
Rebecka,Clere,rclerecx@weibo.com,Non-binary,116.162.62.225
Marney,Incogna,mincognacy@house.gov,Agender,45.119.244.74
Tallie,Bliben,tblibencz@last.fm,Genderfluid,17.251.147.161
Ivory,Culshew,iculshewd0@engadget.com,Genderfluid,39.70.141.116
Bertrand,Florey,bfloreyd1@blog.com,Genderfluid,129.253.139.203
Bartlett,Duddell,bduddelld2@bing.com,Male,52.50.146.210
Cassie,Redparth,credparthd3@altervista.org,Genderfluid,95.140.153.243
Sophie,Edelmann,sedelmannd4@cdc.gov,Agender,121.116.68.213
Orrin,Quartly,oquartlyd5@indiatimes.com,Female,2.113.76.146
Dunstan,Jowle,djowled6@illinois.edu,Polygender,193.25.225.135
Aurie,Voce,avoced7@nih.gov,Male,243.152.74.136
Marcelle,Pirouet,mpirouetd8@furl.net,Polygender,243.232.252.5
Dela,Hardson,dhardsond9@examiner.com,Polygender,241.241.238.22
Lilly,Meldon,lmeldonda@arstechnica.com,Polygender,134.112.120.227
Standford,Endrizzi,sendrizzidb@army.mil,Polygender,22.246.48.173
Eulalie,Le Gassick,elegassickdc@vistaprint.com,Female,81.34.243.226
Analise,Ivain,aivaindd@house.gov,Female,163.124.112.77
Hermie,Thackeray,hthackerayde@1und1.de,Agender,129.253.65.96
Olenka,Robbins,orobbinsdf@feedburner.com,Genderqueer,79.68.53.154
Filia,Burrows,fburrowsdg@state.gov,Genderqueer,55.21.161.175
Drud,Varvara,dvarvaradh@washington.edu,Polygender,71.190.72.109
Cazzie,Witson,cwitsondi@uiuc.edu,Male,144.205.58.81
Virgie,Hirsch,vhirschdj@mtv.com,Polygender,216.144.46.6
Cy,McLae,cmclaedk@netlog.com,Female,169.129.72.98
Orson,Frazer,ofrazerdl@cnet.com,Genderfluid,232.169.123.85
Faustine,Gilroy,fgilroydm@hao123.com,Female,64.169.113.5
Gabbie,Chestnut,gchestnutdn@tripadvisor.com,Female,152.88.179.109
Julie,Sholl,jsholldo@psu.edu,Agender,174.4.111.98
Ker,Anders,kandersdp@simplemachines.org,Female,55.220.212.170
Dell,Grigg,dgriggdq@sakura.ne.jp,Genderqueer,62.127.205.101
Koren,Schiersch,kschierschdr@tripadvisor.com,Non-binary,249.102.61.14
Hill,Bertholin,hbertholinds@icq.com,Non-binary,42.135.88.66
Alejandrina,Collerd,acollerddt@prweb.com,Agender,1.105.245.86
Neel,Jakubowsky,njakubowskydu@huffingtonpost.com,Male,204.199.44.49
Cherilynn,Robez,crobezdv@wiley.com,Genderfluid,153.17.4.248
Orton,Neasham,oneashamdw@buzzfeed.com,Bigender,163.224.112.74
Terra,Lawlance,tlawlancedx@scribd.com,Polygender,240.3.74.225
Kara-lynn,MacIlory,kmacilorydy@wired.com,Male,127.42.122.238
Marion,Siemon,msiemondz@sphinn.com,Non-binary,170.14.9.32
Ado,Spittles,aspittlese0@unc.edu,Bigender,210.113.60.120
Noni,Town,ntowne1@craigslist.org,Non-binary,3.120.249.65
Loreen,Aaronson,laaronsone2@amazon.co.jp,Polygender,124.233.98.123
Othilia,Crusham,ocrushame3@newyorker.com,Bigender,165.162.87.237
Mercy,Dikelin,mdikeline4@google.ca,Male,212.116.111.5
Carlita,Bricksey,cbrickseye5@examiner.com,Non-binary,137.227.225.173
Allen,Huby,ahubye6@businessweek.com,Agender,253.133.201.201
Olga,Roseby,orosebye7@wikispaces.com,Polygender,42.106.112.52
Gale,Heighway,gheighwaye8@chicagotribune.com,Non-binary,3.34.207.45
Melvyn,Pratte,mprattee9@flavors.me,Female,3.31.191.116
Karyn,Pattington,kpattingtonea@sourceforge.net,Polygender,90.25.52.135
Dru,Dunsire,ddunsireeb@ebay.co.uk,Male,197.170.207.58
Willamina,Butler-Bowdon,wbutlerbowdonec@storify.com,Genderfluid,248.124.11.30
Bogey,Sharper,bsharpered@virginia.edu,Bigender,145.161.244.188
Olivette,Rainton,oraintonee@simplemachines.org,Non-binary,203.48.171.128
Linn,Arnely,larnelyef@ftc.gov,Female,61.71.179.229
Amber,Jouhandeau,ajouhandeaueg@quantcast.com,Genderfluid,169.140.145.24
Devan,Lebond,dlebondeh@alexa.com,Female,57.135.41.16
Palmer,Benedek,pbenedekei@zdnet.com,Agender,0.75.40.202
Terrijo,Aleevy,taleevyej@bloomberg.com,Bigender,44.86.200.56
Chickie,Iskowitz,ciskowitzek@flavors.me,Female,149.142.14.1
Zola,Pauler,zpaulerel@adobe.com,Genderqueer,138.8.193.94
Iain,Agates,iagatesem@ehow.com,Non-binary,7.96.225.94
Shirleen,Southwood,ssouthwooden@tinyurl.com,Non-binary,47.14.247.101
Rubie,Coulman,rcoulmaneo@cdc.gov,Female,90.255.223.180
Frederic,Madgett,fmadgettep@pen.io,Genderfluid,150.19.245.191
Nickolas,Plail,nplaileq@hc360.com,Genderqueer,12.146.139.179
Stacee,Markson,smarksoner@japanpost.jp,Female,95.220.164.168
Cordula,Sevitt,csevittes@umn.edu,Non-binary,222.76.235.202
Maren,Durdy,mdurdyet@slate.com,Non-binary,241.122.237.67
Heinrik,Stansell,hstanselleu@rakuten.co.jp,Female,40.93.218.26
Haley,Anderer,handererev@vistaprint.com,Genderfluid,136.20.124.35
Dacia,Kinnen,dkinnenew@infoseek.co.jp,Agender,60.77.160.78
Rakel,MacLaig,rmaclaigex@utexas.edu,Non-binary,21.185.216.83
Anastasie,Bowden,abowdeney@ebay.com,Agender,110.37.133.30
Clemente,Smyth,csmythez@tuttocitta.it,Female,252.198.103.111
Wylie,Briskey,wbriskeyf0@upenn.edu,Polygender,37.218.54.66
Muhammad,Girogetti,mgirogettif1@discovery.com,Non-binary,89.227.170.164
Lewes,Antognelli,lantognellif2@1und1.de,Genderqueer,11.103.43.160
Bessie,Bussens,bbussensf3@chicagotribune.com,Male,165.137.131.185
Gayle,Lapwood,glapwoodf4@whitehouse.gov,Non-binary,222.241.48.186
Bart,Larrett,blarrettf5@smh.com.au,Agender,16.48.46.54
Cyndia,Browning,cbrowningf6@independent.co.uk,Polygender,252.149.201.218
Beale,Myrick,bmyrickf7@arstechnica.com,Polygender,166.61.193.0
Tirrell,Sutor,tsutorf8@salon.com,Agender,201.200.24.85
Amara,Kilmister,akilmisterf9@wufoo.com,Polygender,100.135.59.196
Anatole,Gorioli,agoriolifa@mapquest.com,Agender,154.48.82.120
Murdock,Menat,mmenatfb@answers.com,Non-binary,122.189.66.58
Edwin,Vinecombe,evinecombefc@furl.net,Female,70.118.30.4
Gilda,Tassel,gtasselfd@macromedia.com,Non-binary,121.117.182.94
Andrea,Jacquest,ajacquestfe@si.edu,Polygender,71.254.239.194
Linnell,Burnard,lburnardff@cbsnews.com,Polygender,206.219.248.33
Tedmund,Blacklock,tblacklockfg@addthis.com,Genderqueer,170.136.110.25
Amii,Petkens,apetkensfh@gravatar.com,Agender,61.94.84.215
Arch,Estrella,aestrellafi@surveymonkey.com,Bigender,218.128.204.185
Lise,Eckery,leckeryfj@usatoday.com,Agender,67.191.206.113
Shari,Eyam,seyamfk@hugedomains.com,Genderfluid,75.103.192.224
Fonzie,Wallbutton,fwallbuttonfl@tumblr.com,Non-binary,48.160.17.184
Lizzie,Skull,lskullfm@godaddy.com,Genderfluid,70.187.103.248
Anderea,Wassell,awassellfn@stumbleupon.com,Polygender,127.217.79.29
Leesa,Hammarberg,lhammarbergfo@omniture.com,Female,5.69.68.129
Rayshell,Carleton,rcarletonfp@intel.com,Non-binary,84.203.16.115
Yettie,Yearby,yyearbyfq@tinyurl.com,Genderqueer,255.65.235.105
Lorilyn,Gawkroge,lgawkrogefr@youtube.com,Non-binary,127.124.6.243
Fanya,Ricardo,fricardofs@ocn.ne.jp,Male,120.155.29.95
Ilario,Le Blond,ileblondft@pbs.org,Genderqueer,63.65.93.61
Daria,Fensome,dfensomefu@whitehouse.gov,Bigender,197.115.228.16
Forrester,O'Keefe,fokeefefv@lulu.com,Non-binary,140.72.105.56
Brady,Haxley,bhaxleyfw@vimeo.com,Bigender,215.104.214.150
Elianora,Sprott,esprottfx@dyndns.org,Female,7.245.54.120
Brander,Vegas,bvegasfy@theglobeandmail.com,Bigender,100.114.30.25
Lainey,Kob,lkobfz@hugedomains.com,Polygender,184.171.49.10
Petunia,Gorrissen,pgorrisseng0@gov.uk,Genderqueer,224.19.146.12
Anet,Woofendell,awoofendellg1@unc.edu,Female,8.238.53.49
Ranna,Baynom,rbaynomg2@irs.gov,Non-binary,16.71.89.58
Winfred,Robardet,wrobardetg3@feedburner.com,Genderfluid,205.61.95.170
Ruy,Dibner,rdibnerg4@multiply.com,Genderqueer,185.208.114.15
Waneta,Goodridge,wgoodridgeg5@drupal.org,Bigender,89.227.39.96
Mendie,Trighton,mtrightong6@goo.gl,Non-binary,94.99.243.181
Godfry,Tarney,gtarneyg7@ycombinator.com,Genderfluid,219.114.3.211
Vic,Kiddye,vkiddyeg8@bing.com,Female,153.224.230.31
Maridel,Olenchikov,molenchikovg9@nih.gov,Female,248.46.171.132
Roxanne,Oboy,roboyga@biblegateway.com,Male,73.85.207.57
Enoch,Fearnill,efearnillgb@mlb.com,Genderfluid,28.102.100.217
Gregg,Lyte,glytegc@google.ru,Bigender,29.81.181.127
Constantia,Stoffersen,cstoffersengd@kickstarter.com,Agender,78.186.46.22
Jonah,Le Fevre,jlefevrege@wired.com,Female,100.42.110.38
Charlie,Maddy,cmaddygf@etsy.com,Non-binary,15.41.164.17
Boy,Bridgeland,bbridgelandgg@constantcontact.com,Male,137.199.29.18
Jenelle,Lemmanbie,jlemmanbiegh@cdc.gov,Polygender,179.0.118.231
Ira,Potkins,ipotkinsgi@senate.gov,Male,19.198.31.65
Mychal,Risby,mrisbygj@who.int,Agender,9.196.96.2
Cordelia,Kristoffersson,ckristofferssongk@patch.com,Male,60.15.236.107
Meghan,Jindrich,mjindrichgl@unicef.org,Non-binary,135.8.152.171
Rodi,Ker,rkergm@hatena.ne.jp,Polygender,236.11.92.126
Symon,Kloska,skloskagn@4shared.com,Bigender,95.195.32.198
Jody,Gracewood,jgracewoodgo@bing.com,Genderqueer,34.165.222.58
Dalenna,Wycherley,dwycherleygp@vimeo.com,Genderqueer,191.122.143.197
Deena,O'Crigan,docrigangq@msn.com,Genderqueer,113.68.238.220
Melantha,Shann,mshanngr@squidoo.com,Agender,56.254.195.111
Jeremias,Ghiotto,jghiottogs@ed.gov,Male,67.199.118.108
Gerhardt,Meale,gmealegt@myspace.com,Female,148.136.63.123
Rich,Doward,rdowardgu@csmonitor.com,Genderqueer,207.112.65.21
Gayler,Evert,gevertgv@fastcompany.com,Female,117.4.137.251
Hazlett,McDiarmid,hmcdiarmidgw@t-online.de,Genderfluid,4.27.30.225
Kyle,Kiernan,kkiernangx@sourceforge.net,Polygender,226.240.14.37
Kendra,Banbrick,kbanbrickgy@latimes.com,Male,86.77.0.221
Nancey,Oxenbury,noxenburygz@rediff.com,Non-binary,71.246.126.2
Jami,Ramsbottom,jramsbottomh0@japanpost.jp,Male,206.166.115.193
Amii,Woolmer,awoolmerh1@blogger.com,Agender,145.99.48.231
Winslow,McMillam,wmcmillamh2@discuz.net,Polygender,97.210.77.48
Arabella,Barkley,abarkleyh3@webnode.com,Male,2.193.210.52
Evan,Faircliff,efaircliffh4@mysql.com,Bigender,108.20.27.109
Jolie,Dunan,jdunanh5@java.com,Agender,35.169.49.209
Marja,Harniman,mharnimanh6@sourceforge.net,Polygender,162.152.213.170
Keen,Fielding,kfieldingh7@vkontakte.ru,Female,187.128.243.203
Glyn,Jewkes,gjewkesh8@ask.com,Male,107.29.88.138
Edik,Ragate,eragateh9@ed.gov,Agender,125.39.144.185
Myca,Tredwell,mtredwellha@a8.net,Bigender,50.11.232.56
Jonie,Osbaldeston,josbaldestonhb@tripod.com,Non-binary,213.88.246.137
Nadia,Checchetelli,nchecchetellihc@kickstarter.com,Agender,231.51.123.10
Adrianna,Works,aworkshd@g.co,Agender,31.136.26.232
Darrin,Mott,dmotthe@joomla.org,Bigender,78.190.188.66
Blisse,Bremond,bbremondhf@sphinn.com,Genderfluid,110.55.122.94
Ernestine,Cadlock,ecadlockhg@usnews.com,Non-binary,105.245.20.238
Fredia,Bruckner,fbrucknerhh@dailymail.co.uk,Genderqueer,239.216.234.212
Grenville,Cuthbertson,gcuthbertsonhi@google.pl,Genderqueer,110.6.165.135
Kerianne,Olford,kolfordhj@plala.or.jp,Genderqueer,180.30.127.167
Royal,Carthew,rcarthewhk@soup.io,Polygender,169.154.184.137
Gwennie,Friese,gfriesehl@meetup.com,Agender,136.188.140.242
Deeanne,Niset,dnisethm@google.com.br,Bigender,99.232.199.189
Evangelina,Berthe,eberthehn@webmd.com,Agender,95.93.219.41
Loralyn,Harnes,lharnesho@skyrock.com,Male,122.177.190.147
Phebe,Jeannard,pjeannardhp@squidoo.com,Bigender,16.181.20.188
Almeria,Zanotti,azanottihq@berkeley.edu,Agender,114.238.249.233
Sibyl,Josovitz,sjosovitzhr@plala.or.jp,Bigender,49.73.97.115
Page,Banasevich,pbanasevichhs@arizona.edu,Genderqueer,103.116.32.151
Catrina,Kohrding,ckohrdinght@microsoft.com,Agender,166.235.137.67
Willa,Cunah,wcunahhu@theguardian.com,Male,135.83.119.206
Cosetta,McAtamney,cmcatamneyhv@cyberchimps.com,Non-binary,62.116.18.210
Klarrisa,Crippill,kcrippillhw@goo.ne.jp,Polygender,156.244.212.48
Aurthur,Whittleton,awhittletonhx@hud.gov,Genderqueer,163.37.36.240
Clerissa,Padbery,cpadberyhy@apple.com,Male,253.72.57.79
Randell,Fulep,rfulephz@java.com,Genderfluid,35.132.27.173
Trefor,Scrimshire,tscrimshirei0@merriam-webster.com,Female,122.1.46.235
Eunice,Myrie,emyriei1@icio.us,Female,140.153.159.5
Pete,Sweatland,psweatlandi2@t-online.de,Genderqueer,38.117.100.132
Vail,Brahm,vbrahmi3@wordpress.com,Genderfluid,170.62.73.84
Wilmar,Hunnisett,whunnisetti4@go.com,Polygender,7.33.213.243
Calida,Chown,cchowni5@businessinsider.com,Female,144.174.94.215
Tad,Golding,tgoldingi6@technorati.com,Agender,10.129.207.90
Star,Tilliards,stilliardsi7@paypal.com,Non-binary,177.11.29.203
Hannie,Kullmann,hkullmanni8@yelp.com,Male,145.166.120.240
Neala,McGuff,nmcguffi9@ustream.tv,Bigender,5.102.176.49
Grenville,Goshawke,ggoshawkeia@irs.gov,Female,34.252.227.41
Ethel,Boxen,eboxenib@samsung.com,Genderqueer,35.82.112.60
Kellyann,Orvis,korvisic@ted.com,Bigender,47.37.47.102
Brunhilda,Brosini,bbrosiniid@twitpic.com,Agender,155.239.113.12
Jolyn,Pashler,jpashlerie@seattletimes.com,Agender,253.185.128.231
Adara,Pideon,apideonif@google.cn,Agender,73.154.236.19
Irene,Saunderson,isaundersonig@ycombinator.com,Agender,44.19.224.198
Alyda,Izatt,aizattih@artisteer.com,Genderqueer,128.156.227.115
Alfie,Jakes,ajakesii@toplist.cz,Bigender,70.219.18.143
Karina,Dreger,kdregerij@yahoo.com,Genderfluid,134.4.79.204
Launce,Bohlje,lbohljeik@gov.uk,Female,189.134.115.187
Buddie,Ilyushkin,bilyushkinil@zdnet.com,Female,155.230.156.193
Cami,Heino,cheinoim@vistaprint.com,Bigender,108.202.185.35
Bernie,Sporgeon,bsporgeonin@xinhuanet.com,Agender,205.152.172.127
Alexine,Cristofaro,acristofaroio@bloglines.com,Genderqueer,149.94.143.242
Susann,Loosely,slooselyip@disqus.com,Bigender,191.239.48.16
Pepita,Mordon,pmordoniq@jimdo.com,Polygender,35.251.127.32
Pierson,Comley,pcomleyir@google.com,Non-binary,49.73.128.76
Pepi,Trye,ptryeis@arizona.edu,Bigender,239.50.167.251
Delcina,Cushe,dcusheit@tamu.edu,Female,254.244.173.112
Rhys,Glanders,rglandersiu@addthis.com,Genderqueer,86.152.150.196
Sauveur,Lorence,slorenceiv@princeton.edu,Agender,68.206.152.69
Gris,De Atta,gdeattaiw@desdev.cn,Female,51.60.99.140
Gwenora,Martinot,gmartinotix@stumbleupon.com,Male,150.162.42.112
Alisander,Powlett,apowlettiy@usnews.com,Agender,31.164.83.126
Gus,Ulyet,gulyetiz@godaddy.com,Polygender,86.17.128.28
Barbee,Kennford,bkennfordj0@ucla.edu,Genderqueer,78.8.246.82
Rory,Arni,rarnij1@dropbox.com,Genderqueer,38.146.147.84
Saba,Hart,shartj2@bluehost.com,Polygender,235.176.10.89
Rene,Caroli,rcarolij3@edublogs.org,Non-binary,167.122.150.191
Goldarina,Trank,gtrankj4@jiathis.com,Polygender,108.214.250.16
Viv,Whight,vwhightj5@simplemachines.org,Female,139.51.53.57
Lemmie,Dahlbom,ldahlbomj6@prlog.org,Agender,162.58.154.188
Ernesta,Stuckley,estuckleyj7@cyberchimps.com,Male,238.10.86.43
Jillene,Tuddenham,jtuddenhamj8@nsw.gov.au,Bigender,48.27.47.14
Elvyn,Fugere,efugerej9@answers.com,Genderfluid,160.199.105.201
Olympie,MacNulty,omacnultyja@g.co,Genderfluid,129.191.252.168
Sheila,Tregea,stregeajb@smh.com.au,Agender,76.78.116.10
Granny,Menlow,gmenlowjc@xrea.com,Non-binary,86.70.83.10
Joscelin,Blenkharn,jblenkharnjd@twitpic.com,Genderqueer,143.172.196.87
Giorgio,Lakenton,glakentonje@tiny.cc,Genderqueer,226.254.236.118
Jacenta,Gilligan,jgilliganjf@virginia.edu,Female,248.151.127.136
Saloma,Wardall,swardalljg@theatlantic.com,Non-binary,1.2.117.6
Noland,Lewson,nlewsonjh@pen.io,Genderqueer,177.8.153.93
Ted,Daldry,tdaldryji@geocities.jp,Male,123.44.175.82
Iago,Gooddy,igooddyjj@sbwire.com,Agender,162.130.33.43
Aile,Fender,afenderjk@cnn.com,Agender,11.185.253.74
Berna,Bonnavant,bbonnavantjl@geocities.jp,Polygender,170.149.191.237
Denver,Errichiello,derrichiellojm@sun.com,Genderqueer,111.108.30.179
Katey,McCuaig,kmccuaigjn@google.cn,Male,39.49.197.154
Rorke,Demeza,rdemezajo@oaic.gov.au,Genderfluid,178.144.54.51
Pearl,Burgill,pburgilljp@harvard.edu,Genderfluid,25.103.59.112
Artemus,Dowsey,adowseyjq@ow.ly,Bigender,15.4.57.149
Rosita,De Laci,rdelacijr@wiley.com,Bigender,113.127.126.50
Dorian,Hackelton,dhackeltonjs@bloglovin.com,Male,144.165.109.67
Silvio,Moncreiff,smoncreiffjt@merriam-webster.com,Agender,254.223.194.190
Caria,Tchaikovsky,ctchaikovskyju@geocities.com,Non-binary,198.42.88.248
Frederigo,Skrine,fskrinejv@digg.com,Bigender,157.139.6.22
Vivianna,Hlavecek,vhlavecekjw@ucoz.com,Bigender,87.218.229.234
Ardelia,Amphlett,aamphlettjx@freewebs.com,Genderfluid,47.32.244.77
Rustie,Jikylls,rjikyllsjy@adobe.com,Non-binary,187.89.31.249
Loria,Hazeley,lhazeleyjz@dmoz.org,Agender,121.181.141.158
Emilio,Spilling,espillingk0@mtv.com,Genderfluid,106.235.71.238
Gretal,Drinnan,gdrinnank1@livejournal.com,Bigender,99.215.230.115
Garold,Ties,gtiesk2@census.gov,Female,172.183.87.44
Shell,Child,schildk3@eventbrite.com,Agender,97.244.226.158
Rutger,Pinn,rpinnk4@tripadvisor.com,Genderqueer,86.27.245.223
Wainwright,Kunat,wkunatk5@slashdot.org,Genderqueer,49.56.64.195
Lynna,Gerlack,lgerlackk6@admin.ch,Polygender,122.220.123.141
Freddy,Shortall,fshortallk7@ihg.com,Male,128.47.33.131
Georgie,Boyat,gboyatk8@sakura.ne.jp,Genderqueer,128.168.133.16
Free,Finn,ffinnk9@eventbrite.com,Male,41.250.197.234
Roosevelt,Avramchik,ravramchikka@hibu.com,Genderfluid,66.34.93.92
Atlante,Lippi,alippikb@china.com.cn,Non-binary,100.232.25.167
Teressa,Vautier,tvautierkc@gnu.org,Agender,205.145.216.241
Eric,Cork,ecorkkd@stanford.edu,Female,165.71.53.185
Danika,Fache,dfacheke@sohu.com,Male,219.145.91.163
Morissa,Tolossi,mtolossikf@wunderground.com,Non-binary,93.174.211.90
Rosy,Beinisch,rbeinischkg@alexa.com,Agender,71.176.189.178
Saloma,Legon,slegonkh@oracle.com,Male,15.131.235.76
Morse,Crosfield,mcrosfieldki@nbcnews.com,Polygender,25.22.249.12
Daveta,Edgecumbe,dedgecumbekj@cargocollective.com,Agender,17.212.98.21
Darrick,Jahns,djahnskk@tuttocitta.it,Genderqueer,240.114.15.94
Nanine,Brownsell,nbrownsellkl@economist.com,Bigender,126.113.109.168
Madel,Sarver,msarverkm@bing.com,Polygender,162.73.24.138
Obadias,Lexa,olexakn@baidu.com,Polygender,20.98.248.63
Lea,Pawlik,lpawlikko@drupal.org,Agender,160.231.160.253
Jessey,Anderton,jandertonkp@nba.com,Female,219.99.219.10
Zaneta,Ditzel,zditzelkq@booking.com,Male,212.208.81.13
Rem,Searl,rsearlkr@springer.com,Genderfluid,160.247.14.183
Carlota,Dani,cdaniks@i2i.jp,Genderqueer,25.6.34.244
Louis,O'Hanley,lohanleykt@yahoo.com,Genderfluid,133.14.221.225
Daryl,Chooter,dchooterku@mapy.cz,Non-binary,199.86.94.216
Rubetta,Haller,rhallerkv@ox.ac.uk,Polygender,248.18.42.150
Olivia,Feathers,ofeatherskw@plala.or.jp,Genderfluid,147.209.163.174
Everett,Stollwerk,estollwerkkx@google.ca,Agender,82.68.100.110
Herold,Khrishtafovich,hkhrishtafovichky@nature.com,Genderqueer,6.38.100.113
Dosi,Henmarsh,dhenmarshkz@cdbaby.com,Polygender,193.146.193.127
Rora,Townrow,rtownrowl0@dyndns.org,Male,211.154.108.33
Der,Deares,ddearesl1@reuters.com,Polygender,68.220.116.54
Maxi,Applewhite,mapplewhitel2@usatoday.com,Agender,70.141.63.170
Pansie,Tigner,ptignerl3@newyorker.com,Bigender,214.146.218.168
Thomasina,Brackenbury,tbrackenburyl4@ed.gov,Non-binary,9.82.159.29
Anya,Cristobal,acristoball5@ebay.co.uk,Bigender,23.243.216.159
Heath,Cashman,hcashmanl6@si.edu,Bigender,122.95.9.39
Margalo,Foukx,mfoukxl7@eepurl.com,Genderfluid,70.81.150.17
Jeno,Jukubczak,jjukubczakl8@a8.net,Female,231.63.229.78
Darcy,Klasing,dklasingl9@gizmodo.com,Genderfluid,35.155.241.140
Hetty,Ebdin,hebdinla@shinystat.com,Female,184.109.238.28
Barry,Roughsedge,broughsedgelb@comcast.net,Bigender,219.249.135.36
Leopold,Scipsey,lscipseylc@fotki.com,Non-binary,71.107.147.0
Dedie,Herley,dherleyld@newsvine.com,Non-binary,137.109.139.160
Sanderson,Basnett,sbasnettle@netscape.com,Agender,175.39.228.24
Faina,Iacomini,fiacominilf@shinystat.com,Polygender,161.163.41.148
Guinevere,Fairham,gfairhamlg@goodreads.com,Agender,91.197.68.55
Jammie,Heggadon,jheggadonlh@liveinternet.ru,Polygender,192.9.67.67
Sheba,Kaming,skamingli@webeden.co.uk,Non-binary,0.175.160.105
Joell,Birdwhistle,jbirdwhistlelj@1und1.de,Female,92.70.159.160
Adelaide,Doerling,adoerlinglk@accuweather.com,Male,176.1.92.237
El,Eastcourt,eeastcourtll@istockphoto.com,Bigender,155.76.157.120
Frankie,Ramet,frametlm@spotify.com,Non-binary,164.3.85.214
Raimondo,Andrat,randratln@amazonaws.com,Male,1.166.54.180
Paolina,Cecere,pcecerelo@walmart.com,Non-binary,142.37.5.216
Sher,Treneer,streneerlp@prnewswire.com,Female,166.196.210.0
Pacorro,Gherardesci,pgherardescilq@booking.com,Agender,199.49.89.71
Jazmin,Wontner,jwontnerlr@earthlink.net,Genderqueer,85.196.215.40
Engelbert,Deacon,edeaconls@fda.gov,Male,46.168.131.54
Humbert,Halso,hhalsolt@photobucket.com,Female,249.20.142.182
Axe,McDell,amcdelllu@opera.com,Genderfluid,196.196.51.225
Jojo,Sydes,jsydeslv@hao123.com,Male,108.214.197.201
Pascal,Beevors,pbeevorslw@fema.gov,Male,238.251.210.6
Carlita,Noods,cnoodslx@toplist.cz,Male,249.230.145.246
Kerby,Blankau,kblankauly@sphinn.com,Agender,87.224.25.83
Menard,Keveren,mkeverenlz@ucla.edu,Non-binary,65.78.37.178
Allyn,Caldwall,acaldwallm0@hc360.com,Genderqueer,226.5.150.20
Tarra,Dorn,tdornm1@naver.com,Agender,150.216.237.228
Xever,Aylward,xaylwardm2@edublogs.org,Genderfluid,144.62.71.9
Gianna,Dawton,gdawtonm3@networkadvertising.org,Female,37.134.148.161
Larisa,Gommes,lgommesm4@newyorker.com,Bigender,232.77.125.67
Leanor,Humpherston,lhumpherstonm5@nasa.gov,Genderfluid,115.72.7.22
Patton,Samsworth,psamsworthm6@blogspot.com,Polygender,228.142.41.168
Andriette,Browning,abrowningm7@flavors.me,Genderfluid,7.126.86.246
Reeta,Fretson,rfretsonm8@chron.com,Genderfluid,152.67.12.189
Lianna,Blaby,lblabym9@csmonitor.com,Genderfluid,86.96.6.219
Angel,Perago,aperagoma@umich.edu,Non-binary,198.0.78.232
Josephina,Leversuch,jleversuchmb@stumbleupon.com,Genderfluid,173.198.238.236
Delores,Boundey,dboundeymc@opensource.org,Female,14.181.49.67
Gigi,Brewood,gbrewoodmd@jugem.jp,Non-binary,39.222.205.244
Lemuel,Lorryman,llorrymanme@java.com,Genderfluid,136.140.205.156
Niles,Ixor,nixormf@nature.com,Agender,36.137.142.111
Noellyn,Devlin,ndevlinmg@tumblr.com,Polygender,87.204.136.79
Valerye,Mettrick,vmettrickmh@ustream.tv,Genderfluid,225.254.83.4
Bruce,Rishbrook,brishbrookmi@java.com,Bigender,241.126.166.86
Margalit,Brankley,mbrankleymj@telegraph.co.uk,Genderqueer,17.239.90.150
Caleb,Street,cstreetmk@tripadvisor.com,Agender,136.252.212.62
Ralf,Iacapucci,riacapucciml@xing.com,Agender,215.162.80.73
Chadd,Keir,ckeirmm@t.co,Male,233.46.207.193
Barrie,Kynge,bkyngemn@alibaba.com,Agender,56.119.190.160
Clara,Carillo,ccarillomo@furl.net,Bigender,28.182.30.158
Glynis,Castel,gcastelmp@4shared.com,Female,209.55.212.20
Sabina,Matresse,smatressemq@salon.com,Non-binary,156.7.52.218
Alejandra,Yushkin,ayushkinmr@usatoday.com,Agender,129.14.163.131
Wini,Buscher,wbuscherms@bravesites.com,Genderqueer,55.49.62.194
Vernor,Gall,vgallmt@dagondesign.com,Polygender,101.76.18.200
Boony,Buxsey,bbuxseymu@reverbnation.com,Agender,39.11.61.54
Judon,Silverwood,jsilverwoodmv@infoseek.co.jp,Female,87.140.55.65
Jenda,Roebuck,jroebuckmw@youku.com,Male,70.175.32.245
Pat,Flavelle,pflavellemx@alexa.com,Genderqueer,199.207.154.20
Lazar,Redgewell,lredgewellmy@mail.ru,Polygender,123.103.67.19
Wheeler,Small,wsmallmz@zimbio.com,Non-binary,202.207.87.158
Skipton,Muck,smuckn0@tinypic.com,Polygender,109.252.190.20
Lind,Squibb,lsquibbn1@hatena.ne.jp,Bigender,113.156.210.81
Kathi,Ducket,kducketn2@soup.io,Non-binary,166.112.36.74
Joshuah,Brownsett,jbrownsettn3@desdev.cn,Genderfluid,65.158.120.77
Daryn,Minster,dminstern4@ibm.com,Genderqueer,75.20.152.56
Susy,Gouly,sgoulyn5@arizona.edu,Genderqueer,195.88.249.77
Cullie,Poyser,cpoysern6@imdb.com,Genderqueer,252.115.142.186
Lorenzo,Coad,lcoadn7@mashable.com,Genderqueer,71.39.251.200
Leonore,O'Reagan,loreagann8@diigo.com,Non-binary,68.248.233.64
Forrest,Vannet,fvannetn9@amazon.co.jp,Polygender,158.215.7.92
Gamaliel,Filasov,gfilasovna@friendfeed.com,Bigender,131.230.219.230
Hollyanne,Marlowe,hmarlowenb@woothemes.com,Female,149.88.197.210
Aindrea,Ramstead,aramsteadnc@microsoft.com,Genderqueer,203.234.23.46
Christa,Belamy,cbelamynd@illinois.edu,Male,251.21.31.210
Vyky,Hebble,vhebblene@g.co,Non-binary,21.127.91.14
Kalil,Langstone,klangstonenf@topsy.com,Genderfluid,46.170.160.144
Rhoda,Rupert,rrupertng@bloglovin.com,Genderqueer,217.79.16.40
Jakob,Sparwell,jsparwellnh@meetup.com,Bigender,133.42.62.138
Baldwin,Waterstone,bwaterstoneni@buzzfeed.com,Polygender,8.86.249.109
Piper,Ponsford,pponsfordnj@nhs.uk,Female,209.190.172.100
Jehanna,Dursley,jdursleynk@cyberchimps.com,Polygender,216.160.110.77
Trumann,Darbishire,tdarbishirenl@cargocollective.com,Female,102.132.115.79
Rhody,Munnis,rmunnisnm@ed.gov,Male,41.85.252.136
Frants,Seer,fseernn@ebay.com,Non-binary,160.140.33.48
Elysha,Ronci,eroncino@yellowpages.com,Non-binary,122.199.242.51
Leanor,Tonkes,ltonkesnp@github.com,Genderfluid,45.211.73.62
Hildagard,Bascomb,hbascombnq@bbb.org,Bigender,117.144.38.162
Mindy,Furmage,mfurmagenr@cisco.com,Bigender,138.176.144.51
Arin,Hurche,ahurchens@phpbb.com,Genderqueer,46.5.18.179
Sapphira,Jurisch,sjurischnt@youku.com,Male,201.87.187.140
Rafa,Pelling,rpellingnu@list-manage.com,Bigender,18.114.100.45
Lissie,Dickson,ldicksonnv@japanpost.jp,Agender,54.22.207.68
Trenton,Beddis,tbeddisnw@vinaora.com,Agender,65.221.195.23
Calhoun,Vost,cvostnx@tripod.com,Bigender,70.216.111.199
Itch,Aloshikin,ialoshikinny@lulu.com,Polygender,74.6.75.132
Erinna,Esmead,eesmeadnz@cnn.com,Polygender,192.101.186.128
Johnathon,De Laci,jdelacio0@360.cn,Genderfluid,78.88.186.41
Linell,Allardyce,lallardyceo1@163.com,Non-binary,245.111.46.10
Kalle,Nazer,knazero2@shareasale.com,Agender,39.138.122.58
Sybil,Wilcot,swilcoto3@4shared.com,Genderqueer,161.206.232.150
Karim,Filde,kfildeo4@accuweather.com,Male,182.164.223.67
Trixy,Hobgen,thobgeno5@scientificamerican.com,Bigender,89.135.127.119
Rees,Sole,rsoleo6@ca.gov,Male,51.113.173.147
Joly,Girsch,jgirscho7@fema.gov,Bigender,98.254.127.100
Harlen,Grimme,hgrimmeo8@skyrock.com,Non-binary,60.13.15.72
Malena,Inkpin,minkpino9@usa.gov,Female,148.81.110.83
Brynne,Bech,bbechoa@ezinearticles.com,Agender,126.27.178.6
King,Burk,kburkob@bloomberg.com,Bigender,107.40.100.170
Tobit,Ferretti,tferrettioc@posterous.com,Genderqueer,120.232.204.235
Agretha,Kastel,akastelod@drupal.org,Female,61.88.52.245
Arlana,Beadel,abeadeloe@pen.io,Agender,217.245.47.187
Etienne,Marcussen,emarcussenof@rediff.com,Non-binary,112.9.227.125
Cullen,Imort,cimortog@last.fm,Male,83.217.217.129
Pennie,Spring,pspringoh@flickr.com,Polygender,2.203.237.138
Anastasie,Kennet,akennetoi@smh.com.au,Bigender,86.63.50.19
Stan,Chantillon,schantillonoj@abc.net.au,Genderqueer,204.22.52.202
Aloin,Heckle,aheckleok@whitehouse.gov,Bigender,169.93.210.11
Harley,Stansbie,hstansbieol@cam.ac.uk,Genderfluid,210.224.77.121
Cleve,Woodstock,cwoodstockom@springer.com,Male,248.37.143.164
Josias,Jenicek,jjenicekon@scientificamerican.com,Agender,101.60.249.240
Muhammad,Okroy,mokroyoo@myspace.com,Male,92.197.240.117
Wally,Mordue,wmordueop@opensource.org,Agender,24.207.180.67
Cassius,Ryding,crydingoq@dedecms.com,Non-binary,21.216.184.242
Barbabas,Huggen,bhuggenor@comcast.net,Genderfluid,25.25.125.217
Leola,Gotobed,lgotobedos@cloudflare.com,Polygender,108.65.43.122
Karlene,Kendell,kkendellot@naver.com,Female,144.214.22.221
Ki,Le Strange,klestrangeou@tiny.cc,Bigender,58.55.42.98
Mayor,Covolini,mcovoliniov@live.com,Male,12.200.145.222
Teena,Cokayne,tcokayneow@blogtalkradio.com,Genderqueer,147.1.252.67
Alica,Laurenson,alaurensonox@imageshack.us,Polygender,234.194.138.245
Nanice,Yakunin,nyakuninoy@reuters.com,Male,90.201.96.88
Luce,Murrigan,lmurriganoz@de.vu,Female,128.78.239.170
Traver,Billam,tbillamp0@reverbnation.com,Agender,189.93.152.35
Averyl,Dunsire,adunsirep1@bloglines.com,Genderqueer,187.248.125.68
Blisse,Schroter,bschroterp2@ocn.ne.jp,Polygender,74.201.61.34
Starr,Smaridge,ssmaridgep3@cdc.gov,Male,102.25.19.38
Travus,Coston,tcostonp4@deliciousdays.com,Polygender,33.217.234.200
Selie,Jenteau,sjenteaup5@parallels.com,Bigender,116.90.70.15
Annmaria,Kornalik,akornalikp6@cisco.com,Polygender,143.16.179.236
Vernon,Wesson,vwessonp7@dedecms.com,Female,205.197.183.145
Carmen,Hradsky,chradskyp8@rakuten.co.jp,Non-binary,28.201.111.241
Starla,Vaskov,svaskovp9@miitbeian.gov.cn,Genderqueer,77.202.162.7
Cynthy,Coils,ccoilspa@google.nl,Non-binary,195.139.126.196
Ewart,Flegg,efleggpb@state.tx.us,Non-binary,100.66.235.137
Edwin,Koeppke,ekoeppkepc@businesswire.com,Genderqueer,159.39.146.204
Salem,Tybalt,stybaltpd@wix.com,Genderfluid,30.206.50.186
Paige,Pretsel,ppretselpe@wunderground.com,Genderfluid,8.167.239.133
Iorgo,Dinesen,idinesenpf@cocolog-nifty.com,Agender,119.231.233.113
Leyla,Apark,laparkpg@vimeo.com,Non-binary,46.6.248.47
Rayna,Poter,rpoterph@mozilla.org,Bigender,47.188.72.34
Rouvin,Danelet,rdaneletpi@virginia.edu,Genderqueer,4.18.112.185
Ginger,Commander,gcommanderpj@fema.gov,Male,79.156.88.235
Carr,Casin,ccasinpk@mozilla.com,Agender,42.13.196.48
Alene,Brik,abrikpl@goo.ne.jp,Bigender,246.210.32.200
Lizabeth,Gosz,lgoszpm@nymag.com,Male,145.151.4.104
Ronica,Murphy,rmurphypn@bbc.co.uk,Polygender,86.207.226.33
Regan,Firmager,rfirmagerpo@friendfeed.com,Polygender,202.1.111.237
Elinore,Triggel,etriggelpp@salon.com,Male,213.88.57.208
Lindie,Bruno,lbrunopq@sfgate.com,Genderfluid,195.40.214.141
Darcy,Elderkin,delderkinpr@google.es,Non-binary,81.222.186.33
Westleigh,Willshear,wwillshearps@nasa.gov,Agender,146.92.196.32
Elia,Chitty,echittypt@unc.edu,Genderfluid,141.73.98.215
Oswell,Bynold,obynoldpu@theguardian.com,Bigender,47.96.218.192
Virgie,Clelle,vclellepv@livejournal.com,Non-binary,6.109.23.85
Maurits,Wellstead,mwellsteadpw@cnn.com,Genderqueer,32.99.68.201
Sheeree,Sculley,ssculleypx@google.co.jp,Agender,180.98.255.71
Matty,Burnsides,mburnsidespy@com.com,Non-binary,47.172.60.31
Blayne,Stoite,bstoitepz@addtoany.com,Genderfluid,124.255.24.174
Gerry,Rupp,gruppq0@va.gov,Polygender,150.241.114.224
Jacky,Michele,jmicheleq1@go.com,Male,23.3.219.243
Robbin,Dalla,rdallaq2@yale.edu,Polygender,169.50.112.28
Lukas,Loughnan,lloughnanq3@wordpress.com,Agender,224.134.31.30
Matias,Westwell,mwestwellq4@themeforest.net,Genderfluid,183.52.79.232
Barbara,Willock,bwillockq5@sciencedirect.com,Male,24.157.35.236
Batholomew,Franzetti,bfranzettiq6@paginegialle.it,Non-binary,62.249.68.67
Genia,Pearl,gpearlq7@adobe.com,Bigender,135.65.237.75
Noby,Lelievre,nlelievreq8@weibo.com,Agender,128.72.172.214
Hana,Simonian,hsimonianq9@aol.com,Bigender,48.63.10.52
Maia,Strowthers,mstrowthersqa@arizona.edu,Male,37.149.60.228
Maurise,Dene,mdeneqb@reverbnation.com,Female,5.84.104.146
Nicki,Mollett,nmollettqc@lycos.com,Polygender,114.58.93.142
Giovanni,Bullent,gbullentqd@lycos.com,Male,138.189.123.80
Tomasine,Mallard,tmallardqe@plala.or.jp,Genderqueer,210.108.77.128
Robbie,Lowndes,rlowndesqf@nydailynews.com,Polygender,40.150.39.13
Patrick,Millam,pmillamqg@odnoklassniki.ru,Female,187.29.127.156
Ingrim,Kilian,ikilianqh@mysql.com,Genderqueer,26.52.190.173
Heda,Pozzo,hpozzoqi@harvard.edu,Genderqueer,75.198.88.52
Lenee,Anfusso,lanfussoqj@gov.uk,Genderqueer,27.195.31.41
Nina,Tilne,ntilneqk@bbc.co.uk,Non-binary,38.77.53.169
Philomena,Adicot,padicotql@army.mil,Bigender,36.95.168.1
Arliene,Dumbellow,adumbellowqm@ucla.edu,Bigender,110.238.147.232
Joella,Sneezum,jsneezumqn@tumblr.com,Female,156.146.11.105
Benedicto,Welsby,bwelsbyqo@google.com.hk,Non-binary,168.94.194.155
Darin,Halworth,dhalworthqp@arizona.edu,Genderqueer,74.115.14.54
Chan,MacGiolla,cmacgiollaqq@amazon.co.jp,Bigender,162.91.243.83
Stearn,Wennington,swenningtonqr@ycombinator.com,Non-binary,46.248.24.228
Annmaria,Matthis,amatthisqs@narod.ru,Female,211.242.3.33
Eliot,Slyne,eslyneqt@chicagotribune.com,Non-binary,252.207.180.42
Tresa,Arson,tarsonqu@google.nl,Female,220.151.133.2
Darius,Sandever,dsandeverqv@howstuffworks.com,Non-binary,128.176.70.246
Clarette,Antat,cantatqw@adobe.com,Bigender,177.95.24.236
Geri,Woltman,gwoltmanqx@ihg.com,Genderfluid,240.221.215.56
Peyter,Beveredge,pbeveredgeqy@google.com.br,Male,246.113.109.169
Danika,Laurance,dlauranceqz@java.com,Genderfluid,71.29.98.30
Raychel,Grubey,rgrubeyr0@yale.edu,Genderfluid,40.116.123.191
Trina,Haire,thairer1@altervista.org,Male,159.118.160.238
Norry,Bellamy,nbellamyr2@youtube.com,Agender,177.205.166.180
Delly,Deguara,ddeguarar3@cnbc.com,Female,24.247.141.27
Corabella,Chevolleau,cchevolleaur4@auda.org.au,Genderfluid,157.99.65.231
Grissel,Anton,gantonr5@zimbio.com,Bigender,154.251.213.172
Corrinne,Brittain,cbrittainr6@patch.com,Bigender,110.24.124.234
Lauree,Aberdeen,laberdeenr7@list-manage.com,Female,186.141.118.77
Skip,Delepine,sdelepiner8@shutterfly.com,Agender,136.160.52.46
Sancho,Rapaport,srapaportr9@eepurl.com,Genderqueer,220.19.9.95
Glenine,Postians,gpostiansra@vk.com,Female,96.57.147.127
Tucky,Gerrey,tgerreyrb@ucoz.com,Polygender,182.54.71.200
Clem,Ames,camesrc@barnesandnoble.com,Genderqueer,131.222.225.213
Jeromy,Beushaw,jbeushawrd@blogtalkradio.com,Genderfluid,88.128.25.18
Nathanial,Bentson,nbentsonre@unblog.fr,Agender,56.54.126.47
Elsy,Pinshon,epinshonrf@tripadvisor.com,Polygender,83.209.1.47
Lurline,Di Antonio,ldiantoniorg@youtu.be,Non-binary,106.89.114.225
Estrellita,Marran,emarranrh@adobe.com,Genderfluid,98.85.242.156
Anica,Kettlestringe,akettlestringeri@ocn.ne.jp,Female,145.95.157.53
Valma,Saunier,vsaunierrj@so-net.ne.jp,Genderqueer,215.16.13.105
Michell,Shewring,mshewringrk@stanford.edu,Genderqueer,123.206.166.172
Alyda,Agg,aaggrl@scribd.com,Genderqueer,233.34.235.40
Coleman,Alyukin,calyukinrm@altervista.org,Agender,204.110.64.155
Worth,Bendik,wbendikrn@prnewswire.com,Bigender,86.162.137.96
Dorice,Rachuig,drachuigro@spiegel.de,Polygender,52.246.79.162
Darci,Maden,dmadenrp@about.me,Genderfluid,29.18.3.128
Clari,Lembrick,clembrickrq@barnesandnoble.com,Genderfluid,249.2.133.221
Winnie,Wannop,wwannoprr@blogtalkradio.com,Non-binary,250.35.20.191
