first_name,last_name,email,gender,ip_address
Andra,Hazart,ahazart0@shinystat.com,Genderqueer,206.133.21.134
Davidde,Stiger,dstiger1@typepad.com,Non-binary,164.68.116.25
Collette,Benger,cbenger2@va.gov,Polygender,248.205.82.78
Dee dee,Corneille,dcorneille3@sfgate.com,Agender,190.26.139.253
Poul,Crutchley,pcrutchley4@soup.io,Female,41.53.237.43
Chaim,Houlaghan,choulaghan5@reference.com,Non-binary,184.126.190.118
Desmond,Bulman,dbulman6@gizmodo.com,Agender,204.2.30.14
Cybill,Bemand,cbemand7@walmart.com,Non-binary,29.181.249.222
Mira,McKernan,mmckernan8@about.me,Agender,3.22.202.53
Pegeen,Becerro,pbecerro9@1688.com,Bigender,62.113.38.220
Cyrille,Beardsdale,cbeardsdalea@about.me,Non-binary,111.180.161.160
Doug,Barles,dbarlesb@hibu.com,Male,66.33.37.232
Roxine,Hingeley,rhingeleyc@virginia.edu,Polygender,60.142.92.83
Blinni,Levi,blevid@vistaprint.com,Bigender,223.90.13.216
Ainslie,Greenall,agreenalle@netscape.com,Female,235.93.99.247
Grady,Southwick,gsouthwickf@tmall.com,Genderqueer,232.15.200.29
Alphonso,Gallaher,agallaherg@virginia.edu,Male,6.158.180.68
Lexi,Stoven,lstovenh@feedburner.com,Genderqueer,95.67.124.195
Ari,Craghead,acragheadi@com.com,Genderfluid,148.87.238.207
Mathilde,Duckerin,mduckerinj@cmu.edu,Genderqueer,93.35.97.252
Elinor,Redmond,eredmondk@newsvine.com,Bigender,63.146.159.165
Dania,Lymer,dlymerl@toplist.cz,Polygender,114.179.252.137
Bone,Noquet,bnoquetm@list-manage.com,Genderfluid,90.109.252.51
Filmer,O'Heneghan,foheneghann@blogs.com,Agender,213.76.68.124
Marguerite,Cromly,mcromlyo@nydailynews.com,Polygender,10.195.175.21
Curran,Atkyns,catkynsp@mysql.com,Polygender,14.240.232.251
Jacquelyn,Raitie,jraitieq@ed.gov,Non-binary,69.166.156.142
Brod,Mitchelhill,bmitchelhillr@goodreads.com,Female,28.86.123.94
Ros,Hess,rhesss@pinterest.com,Genderfluid,166.52.123.212
Pincus,Newbery,pnewberyt@dailymail.co.uk,Non-binary,28.28.203.34
Trever,Nealon,tnealonu@cbsnews.com,Agender,214.65.35.84
Irv,Grimston,igrimstonv@oakley.com,Non-binary,122.37.236.177
Drusy,Barnicott,dbarnicottw@aol.com,Genderqueer,203.223.246.76
Flint,Cantwell,fcantwellx@businessweek.com,Non-binary,53.87.95.65
Imelda,MacCrackan,imaccrackany@bloglines.com,Genderqueer,138.66.113.151
Dermot,Rayson,draysonz@dagondesign.com,Polygender,252.239.186.106
Jocelyne,Winram,jwinram10@shutterfly.com,Genderqueer,97.187.112.250
Diena,Loughead,dloughead11@1688.com,Genderfluid,11.218.237.123
Chrotoem,Janata,cjanata12@washington.edu,Genderfluid,134.22.46.74
Florida,Mylchreest,fmylchreest13@cornell.edu,Polygender,111.166.64.211
Sheree,Whalley,swhalley14@pcworld.com,Female,214.136.194.135
Olivette,Basili,obasili15@comcast.net,Agender,55.241.26.10
Rudolfo,De Lorenzo,rdelorenzo16@smugmug.com,Agender,208.58.4.209
Nike,MacCracken,nmaccracken17@oaic.gov.au,Genderqueer,98.187.134.84
Hesther,Trent,htrent18@mtv.com,Non-binary,96.7.104.138
Yelena,Kenworthey,ykenworthey19@deviantart.com,Genderfluid,211.243.116.78
Riki,Phipp,rphipp1a@imageshack.us,Bigender,119.123.33.54
Dan,Tovey,dtovey1b@so-net.ne.jp,Non-binary,129.19.156.181
Gustavo,Dunne,gdunne1c@sohu.com,Polygender,229.140.163.142
Dave,Skaife,dskaife1d@youku.com,Male,46.149.107.67
Siward,Simonou,ssimonou1e@walmart.com,Female,206.58.112.59
Reggi,Elder,relder1f@rambler.ru,Polygender,156.170.178.251
Westbrook,Shinner,wshinner1g@sina.com.cn,Female,43.138.57.246
Celina,Gres,cgres1h@tinyurl.com,Agender,212.175.43.246
Gwenni,Arnao,garnao1i@1und1.de,Male,105.83.252.163
Sharleen,Hymer,shymer1j@oaic.gov.au,Female,52.4.177.125
Madelene,Ligertwood,mligertwood1k@rambler.ru,Male,138.240.135.87
Red,Battrick,rbattrick1l@pbs.org,Male,24.220.6.174
Ado,Brennand,abrennand1m@google.com.au,Male,84.146.208.91
Dyan,Rossey,drossey1n@boston.com,Genderqueer,35.178.153.221
Bryanty,Abrashkov,babrashkov1o@gravatar.com,Non-binary,244.187.206.136
Barbra,Stearne,bstearne1p@theatlantic.com,Male,114.246.135.90
Stewart,O'Noulane,sonoulane1q@123-reg.co.uk,Female,48.97.76.56
Celestyn,Skull,cskull1r@bloomberg.com,Non-binary,61.90.8.44
Livia,Yeomans,lyeomans1s@bbc.co.uk,Polygender,58.165.218.216
Bili,Son,bson1t@wix.com,Genderqueer,30.85.25.138
Virge,Triswell,vtriswell1u@qq.com,Genderfluid,26.102.102.233
Etty,Revell,erevell1v@google.nl,Polygender,186.51.196.254
Vyky,Quaif,vquaif1w@1und1.de,Female,236.207.58.165
Camellia,Cutford,ccutford1x@shop-pro.jp,Polygender,204.25.11.137
Lester,Waterman,lwaterman1y@seesaa.net,Bigender,99.30.171.63
Christian,Wyon,cwyon1z@tuttocitta.it,Non-binary,243.132.203.21
Vilma,Menel,vmenel20@wikimedia.org,Genderfluid,82.190.73.143
Pincas,Bernet,pbernet21@zimbio.com,Non-binary,9.237.190.7
Warden,Ruppelin,wruppelin22@jugem.jp,Bigender,39.196.187.98
Clay,Blankau,cblankau23@google.com.au,Non-binary,47.81.188.248
Edmon,Pridden,epridden24@tripadvisor.com,Genderqueer,252.205.158.184
Heidie,Stede,hstede25@pen.io,Bigender,231.95.52.247
Jacinthe,Lomasna,jlomasna26@cnn.com,Agender,57.212.191.47
Robbie,Frandsen,rfrandsen27@infoseek.co.jp,Genderfluid,24.201.5.104
Edouard,Marler,emarler28@mail.ru,Female,68.77.148.225
Benji,Artis,bartis29@columbia.edu,Agender,5.11.210.88
Abbe,Nunson,anunson2a@arizona.edu,Female,200.62.180.152
Wesley,Grenter,wgrenter2b@aboutads.info,Polygender,100.136.237.85
Rozalie,Schlagman,rschlagman2c@linkedin.com,Female,96.50.214.198
Pepillo,Scrace,pscrace2d@mit.edu,Non-binary,142.244.112.40
Dud,Wilstead,dwilstead2e@delicious.com,Non-binary,56.152.133.141
Lorrie,Limpenny,llimpenny2f@nationalgeographic.com,Male,253.84.27.86
Rubin,Oxbrough,roxbrough2g@amazon.co.jp,Genderfluid,47.10.20.92
Sioux,Tunnadine,stunnadine2h@yellowpages.com,Agender,24.77.246.181
Otto,Regenhardt,oregenhardt2i@salon.com,Genderqueer,198.71.240.228
Mareah,Beatens,mbeatens2j@google.com.br,Genderfluid,133.221.118.197
Cly,Larrie,clarrie2k@princeton.edu,Bigender,192.127.29.55
Ruddie,Gately,rgately2l@wikia.com,Non-binary,222.204.201.248
Marius,Hubball,mhubball2m@cdbaby.com,Female,169.25.67.103
Dewitt,Kaminski,dkaminski2n@eepurl.com,Male,137.94.188.244
Alfie,Brownsill,abrownsill2o@ucla.edu,Non-binary,29.2.167.212
Duncan,Checklin,dchecklin2p@wikimedia.org,Female,214.157.60.26
Gabriel,Yurevich,gyurevich2q@gmpg.org,Non-binary,160.84.199.7
Archibold,Baudon,abaudon2r@fda.gov,Male,225.73.192.99
Danny,Bergen,dbergen2s@arizona.edu,Genderfluid,157.254.151.152
Robin,Thorsby,rthorsby2t@imgur.com,Non-binary,254.192.67.164
Ricki,McTrustey,rmctrustey2u@biglobe.ne.jp,Genderqueer,1.164.83.126
Konstanze,Blacksell,kblacksell2v@bloglovin.com,Polygender,190.204.244.32
Brocky,Cremen,bcremen2w@spotify.com,Polygender,64.201.224.204
Tricia,Denning,tdenning2x@nature.com,Female,195.17.42.248
Ellette,Craighead,ecraighead2y@liveinternet.ru,Genderqueer,216.244.125.159
Anatol,Ather,aather2z@cdc.gov,Female,172.126.198.154
Bethany,Rockhall,brockhall30@mit.edu,Agender,126.174.8.213
Aldric,Girdlestone,agirdlestone31@dedecms.com,Non-binary,142.125.69.48
Jimmy,De Avenell,jdeavenell32@google.ca,Bigender,173.123.54.17
Clare,Dowears,cdowears33@github.io,Polygender,34.220.120.148
Ivan,Popland,ipopland34@etsy.com,Polygender,91.246.103.250
Johnnie,Gibling,jgibling35@imdb.com,Polygender,255.50.1.158
Claudianus,Salthouse,csalthouse36@digg.com,Polygender,180.37.51.154
Corenda,Omrod,comrod37@sfgate.com,Agender,133.176.190.121
Bink,Winterburn,bwinterburn38@ihg.com,Genderqueer,29.104.174.90
Lorilee,Letterick,lletterick39@shinystat.com,Agender,102.244.233.209
Caressa,Oran,coran3a@alexa.com,Non-binary,30.246.197.255
Sherlock,Brassington,sbrassington3b@tumblr.com,Male,166.24.53.231
Dannie,Rean,drean3c@fc2.com,Female,216.36.177.91
Josiah,Ferreo,jferreo3d@1688.com,Bigender,127.72.237.79
Imogen,Shilton,ishilton3e@usda.gov,Non-binary,116.193.43.238
Harman,MacKay,hmackay3f@symantec.com,Male,153.144.98.42
Merrie,Hanrahan,mhanrahan3g@smh.com.au,Genderfluid,1.44.248.73
Darsie,Augustus,daugustus3h@redcross.org,Bigender,48.244.44.41
Lenci,Haggish,lhaggish3i@w3.org,Non-binary,103.153.225.4
Crawford,Broggio,cbroggio3j@tamu.edu,Agender,138.133.140.52
Joanie,Boullin,jboullin3k@simplemachines.org,Genderfluid,63.83.103.19
Alon,Rafferty,arafferty3l@macromedia.com,Genderfluid,123.252.242.17
Ezmeralda,Horribine,ehorribine3m@dmoz.org,Non-binary,124.210.157.12
Rob,Wycliff,rwycliff3n@tumblr.com,Genderfluid,223.198.217.5
Adlai,Mewitt,amewitt3o@ucoz.com,Polygender,126.230.235.221
Janene,Aldritt,jaldritt3p@nymag.com,Female,212.196.34.125
Veronike,Congrave,vcongrave3q@ucoz.com,Agender,78.114.42.194
Isacco,Ivery,iivery3r@paypal.com,Genderfluid,200.45.202.7
Tillie,Sallan,tsallan3s@ning.com,Genderfluid,76.138.179.93
Kitty,Jamblin,kjamblin3t@ca.gov,Male,88.73.110.92
Tiebout,Tooze,ttooze3u@hexun.com,Genderqueer,130.137.197.134
Ernest,Axe,eaxe3v@msu.edu,Female,174.57.203.80
Steffi,Trayton,strayton3w@wunderground.com,Male,251.59.92.78
Lesya,Chaudret,lchaudret3x@google.it,Agender,232.82.74.70
Dinah,Carpenter,dcarpenter3y@clickbank.net,Genderfluid,30.138.143.230
Florinda,Casely,fcasely3z@barnesandnoble.com,Non-binary,192.138.76.234
Humbert,Moult,hmoult40@mediafire.com,Agender,60.151.195.172
Winn,Whight,wwhight41@dot.gov,Male,248.27.91.199
Saraann,Marnes,smarnes42@nationalgeographic.com,Polygender,213.78.214.204
Elaine,Wreiford,ewreiford43@oracle.com,Non-binary,16.116.215.127
Logan,Josefsson,ljosefsson44@xing.com,Male,95.59.145.12
Shane,Hillhouse,shillhouse45@webmd.com,Genderqueer,129.186.178.237
Doralia,Gatlin,dgatlin46@timesonline.co.uk,Agender,120.116.159.38
Ellen,Probin,eprobin47@opera.com,Agender,228.145.85.128
Ingrid,Rumsey,irumsey48@feedburner.com,Polygender,235.86.201.133
Katrinka,Poyle,kpoyle49@goo.gl,Bigender,116.120.111.100
Byrann,Wakerley,bwakerley4a@t-online.de,Polygender,96.2.29.254
Annecorinne,Stonbridge,astonbridge4b@blog.com,Male,25.30.186.69
Jenica,Crosbie,jcrosbie4c@loc.gov,Non-binary,130.107.180.99
Adriano,Widdup,awiddup4d@newsvine.com,Non-binary,109.197.238.212
Bendick,Quarrie,bquarrie4e@oakley.com,Male,81.46.234.253
Karissa,Wheal,kwheal4f@virginia.edu,Female,152.189.166.192
Caleb,St. Ledger,cstledger4g@ucla.edu,Genderqueer,45.89.49.147
Verina,Vyvyan,vvyvyan4h@hao123.com,Agender,22.116.208.34
Koenraad,Lightbourne,klightbourne4i@storify.com,Male,166.105.132.145
Hamilton,Breinlein,hbreinlein4j@vk.com,Genderqueer,243.81.253.180
Bobbe,Duligal,bduligal4k@nytimes.com,Polygender,243.173.91.175
Tobias,Cowope,tcowope4l@independent.co.uk,Agender,163.166.10.70
Lazarus,Wescott,lwescott4m@hhs.gov,Non-binary,96.10.160.158
Tomaso,Wemm,twemm4n@dagondesign.com,Agender,88.48.235.178
Eddy,Malins,emalins4o@sohu.com,Genderfluid,251.106.7.54
Lilah,Pyzer,lpyzer4p@nbcnews.com,Non-binary,71.133.141.246
Hester,Neale,hneale4q@cnet.com,Genderqueer,214.145.139.52
Randi,Broomer,rbroomer4r@wordpress.org,Female,180.116.13.87
Gabriella,MacPaike,gmacpaike4s@amazon.de,Bigender,207.153.206.58
Lin,Marrows,lmarrows4t@sohu.com,Genderqueer,162.212.56.50
Nikaniki,Yakhin,nyakhin4u@comcast.net,Female,90.179.4.40
Stearn,Faichnie,sfaichnie4v@abc.net.au,Genderfluid,21.46.138.19
Vaughan,Dunk,vdunk4w@bandcamp.com,Male,137.228.92.23
Jorry,Bullingham,jbullingham4x@cdbaby.com,Genderqueer,105.183.145.56
Ruthy,Van Driel,rvandriel4y@narod.ru,Female,134.35.31.85
Randolph,Spoward,rspoward4z@posterous.com,Genderfluid,136.225.194.26
Darrel,Isworth,disworth50@psu.edu,Male,133.120.111.32
Abrahan,Murrish,amurrish51@ted.com,Bigender,225.213.143.31
Josi,Lello,jlello52@elpais.com,Female,2.85.147.99
Clarita,Fidal,cfidal53@home.pl,Genderfluid,0.34.237.26
Arthur,Peye,apeye54@webeden.co.uk,Agender,59.103.154.183
Winnie,Mulholland,wmulholland55@theglobeandmail.com,Male,138.211.195.109
Felic,Horsley,fhorsley56@over-blog.com,Bigender,122.79.130.78
Stewart,Baulk,sbaulk57@tmall.com,Male,166.92.128.206
Samantha,Yude,syude58@ucsd.edu,Genderfluid,249.65.206.155
Elsi,Ferrige,eferrige59@liveinternet.ru,Non-binary,124.214.187.19
Field,Dunbavin,fdunbavin5a@dagondesign.com,Bigender,108.111.205.79
Georgena,Ravelus,gravelus5b@facebook.com,Female,206.46.181.126
Min,Pretsell,mpretsell5c@aol.com,Genderfluid,179.109.248.246
Carena,Dugall,cdugall5d@netscape.com,Genderfluid,123.253.107.62
Mara,Exposito,mexposito5e@friendfeed.com,Female,217.244.98.8
Nikaniki,Stoggles,nstoggles5f@istockphoto.com,Agender,237.176.65.75
Fay,Hawford,fhawford5g@jalbum.net,Polygender,120.243.126.243
Aharon,Peers,apeers5h@chronoengine.com,Non-binary,33.212.57.251
Moselle,Stopforth,mstopforth5i@indiatimes.com,Agender,77.60.148.204
Rudolf,Ruprechter,rruprechter5j@fc2.com,Polygender,132.211.26.75
Miran,Penrith,mpenrith5k@home.pl,Agender,220.45.141.45
Luce,Sichardt,lsichardt5l@yellowpages.com,Non-binary,228.84.15.191
Steffen,Rodenburg,srodenburg5m@usgs.gov,Female,75.110.252.67
Dodi,Cosford,dcosford5n@imgur.com,Bigender,8.19.60.24
Merna,Antonov,mantonov5o@usda.gov,Female,106.75.224.62
Rodolphe,Rikard,rrikard5p@nifty.com,Male,128.6.98.115
Aila,Kenford,akenford5q@163.com,Male,218.94.228.235
Jessalin,Arrighetti,jarrighetti5r@bloglines.com,Bigender,51.92.228.38
Kaiser,Rosedale,krosedale5s@senate.gov,Polygender,154.118.210.80
Gabriela,Whelan,gwhelan5t@altervista.org,Agender,225.133.39.30
Clay,Shepherdson,cshepherdson5u@state.tx.us,Male,185.26.192.37
Maxim,Lantoph,mlantoph5v@mysql.com,Bigender,142.51.127.9
Florence,Bea,fbea5w@addtoany.com,Bigender,157.68.177.27
Gwenette,Rennison,grennison5x@theatlantic.com,Male,237.131.76.182
Vinnie,Dudbridge,vdudbridge5y@spiegel.de,Bigender,83.202.122.77
Saxon,Niblock,sniblock5z@com.com,Genderqueer,110.212.202.224
Melanie,Candie,mcandie60@statcounter.com,Bigender,24.27.15.71
Gib,Plail,gplail61@fda.gov,Male,130.168.160.136
Rodolph,Ferrer,rferrer62@deliciousdays.com,Male,122.163.248.134
Clementius,Blakeston,cblakeston63@engadget.com,Male,229.145.72.43
Susy,Kleewein,skleewein64@answers.com,Agender,203.7.169.150
Darlleen,Steadman,dsteadman65@livejournal.com,Genderfluid,93.215.160.189
Blakelee,Straniero,bstraniero66@google.it,Female,250.7.126.68
Morris,Birdwistle,mbirdwistle67@wikimedia.org,Genderfluid,185.49.165.184
Pacorro,Durrett,pdurrett68@unicef.org,Genderfluid,108.89.88.66
Linoel,Kachel,lkachel69@webs.com,Bigender,128.248.178.192
Merlina,Fewkes,mfewkes6a@cdbaby.com,Non-binary,168.168.234.164
Andrew,Yackiminie,ayackiminie6b@msu.edu,Female,98.45.173.29
Wallie,Coyne,wcoyne6c@harvard.edu,Genderfluid,40.33.93.62
Stavro,Linner,slinner6d@technorati.com,Male,148.199.148.224
Obidiah,Blackden,oblackden6e@cnn.com,Genderfluid,206.37.90.4
Tomi,Moulton,tmoulton6f@icio.us,Polygender,195.197.217.197
Arabela,Carswell,acarswell6g@ca.gov,Non-binary,47.65.186.113
Rosalind,Phil,rphil6h@wordpress.com,Male,64.89.9.124
Sherry,Sancias,ssancias6i@uol.com.br,Genderqueer,59.41.122.239
Athene,Gimenez,agimenez6j@china.com.cn,Genderqueer,98.146.33.135
Lulita,Gligoraci,lgligoraci6k@alexa.com,Genderqueer,239.109.15.195
Caryl,Balk,cbalk6l@liveinternet.ru,Genderqueer,45.103.192.24
Dorie,Filippyev,dfilippyev6m@archive.org,Non-binary,83.25.6.98
Betsy,Kamenar,bkamenar6n@nature.com,Non-binary,65.15.47.42
Poul,Jedrysik,pjedrysik6o@examiner.com,Bigender,255.115.212.236
Vonnie,Surgen,vsurgen6p@freewebs.com,Bigender,69.238.80.95
Oran,Lammerts,olammerts6q@independent.co.uk,Genderqueer,35.148.244.109
Dorise,Cotterel,dcotterel6r@flickr.com,Genderqueer,135.106.148.158
Grethel,Pionter,gpionter6s@toplist.cz,Bigender,101.8.110.231
Sheffield,Billo,sbillo6t@dyndns.org,Female,43.91.188.202
Llewellyn,Jorden,ljorden6u@chronoengine.com,Agender,206.41.82.76
Elberta,Skupinski,eskupinski6v@fc2.com,Male,62.190.154.133
Waly,Foord,wfoord6w@sciencedirect.com,Female,132.152.181.43
Freddy,Adamson,fadamson6x@webmd.com,Non-binary,160.176.145.201
Julina,Eccleston,jeccleston6y@t-online.de,Genderfluid,215.141.95.82
Eustace,Rathjen,erathjen6z@comcast.net,Non-binary,93.42.199.95
Grenville,Brettell,gbrettell70@geocities.jp,Non-binary,217.231.128.83
Marne,Frostdyke,mfrostdyke71@google.fr,Bigender,146.23.24.133
Amy,Cufley,acufley72@indiegogo.com,Female,132.89.202.35
Pinchas,Troutbeck,ptroutbeck73@nymag.com,Agender,17.77.114.104
Marney,Mariault,mmariault74@imageshack.us,Genderqueer,121.1.17.65
Cary,Brislawn,cbrislawn75@aol.com,Female,171.190.140.201
Morrie,Athy,mathy76@adobe.com,Genderqueer,136.139.18.197
Yancy,Jozaitis,yjozaitis77@redcross.org,Polygender,127.82.32.65
Teresita,MacVanamy,tmacvanamy78@blog.com,Female,116.245.102.80
Der,Pentercost,dpentercost79@adobe.com,Non-binary,212.2.121.156
Mirilla,Iddins,middins7a@flickr.com,Genderfluid,166.126.135.214
Dulcine,Bickers,dbickers7b@1und1.de,Polygender,138.88.55.230
Jere,Ridgers,jridgers7c@omniture.com,Genderfluid,169.78.203.145
Bennett,Kettlestringe,bkettlestringe7d@scientificamerican.com,Agender,44.201.174.59
Leontine,Readmire,lreadmire7e@dmoz.org,Bigender,87.213.39.246
Cornie,Gaukrodge,cgaukrodge7f@japanpost.jp,Male,244.27.34.60
Elenore,Kighly,ekighly7g@un.org,Polygender,110.108.233.82
Renee,Andell,randell7h@gravatar.com,Female,61.39.44.1
Gerrie,Cromack,gcromack7i@ebay.com,Non-binary,172.204.144.191
Dedie,Barosch,dbarosch7j@slideshare.net,Bigender,65.211.234.69
Teresina,Lowth,tlowth7k@google.ca,Genderqueer,136.184.111.157
Giulio,Cupitt,gcupitt7l@prnewswire.com,Polygender,139.7.251.139
Townie,Hyndman,thyndman7m@state.gov,Agender,76.92.116.132
Chelsy,Orae,corae7n@rediff.com,Bigender,200.248.238.40
Barrie,Trevascus,btrevascus7o@walmart.com,Male,175.130.202.224
Joella,Cauley,jcauley7p@ow.ly,Agender,4.187.56.198
Carita,Gennerich,cgennerich7q@theguardian.com,Non-binary,216.72.177.211
Pearline,Galier,pgalier7r@comcast.net,Agender,190.237.178.2
Jillene,Bartosinski,jbartosinski7s@pagesperso-orange.fr,Non-binary,96.56.1.106
Arline,Clerc,aclerc7t@spotify.com,Genderfluid,109.198.18.7
Kessiah,Farryn,kfarryn7u@msn.com,Agender,20.53.230.164
Fania,Ritchley,fritchley7v@reddit.com,Non-binary,112.222.136.1
Tonnie,Willford,twillford7w@instagram.com,Male,247.87.172.211
Alejandra,Weiss,aweiss7x@joomla.org,Genderqueer,19.249.14.5
Ami,Bazelle,abazelle7y@barnesandnoble.com,Genderqueer,86.152.112.104
Wanda,Paris,wparis7z@unesco.org,Bigender,168.92.93.67
Pearline,Bendson,pbendson80@nationalgeographic.com,Female,34.28.63.12
Maegan,Pearse,mpearse81@wsj.com,Bigender,76.124.69.174
Ringo,Barby,rbarby82@timesonline.co.uk,Polygender,241.137.201.215
Forbes,Abramsky,fabramsky83@liveinternet.ru,Female,69.240.197.16
Sloan,Powderham,spowderham84@mlb.com,Polygender,39.187.229.63
Kelvin,Nesbitt,knesbitt85@about.me,Genderfluid,148.52.186.161
Stacee,Cobello,scobello86@seattletimes.com,Male,192.51.108.83
Zebulen,Zeal,zzeal87@imdb.com,Polygender,17.2.35.1
Gale,Haspineall,ghaspineall88@phoca.cz,Non-binary,100.111.74.215
Marleah,Degli Abbati,mdegliabbati89@deviantart.com,Non-binary,144.236.149.60
Wally,Jordan,wjordan8a@biblegateway.com,Agender,179.5.98.131
Almeta,Escale,aescale8b@hp.com,Male,17.41.39.20
Maurise,Poller,mpoller8c@mashable.com,Bigender,188.185.231.184
Corri,O'Dowd,codowd8d@weibo.com,Male,98.53.234.194
Alwyn,Venables,avenables8e@imdb.com,Female,70.36.11.232
Minna,Novak,mnovak8f@yelp.com,Polygender,251.2.251.195
Farlay,Wisden,fwisden8g@opera.com,Non-binary,231.27.241.64
Zara,Mullarkey,zmullarkey8h@mayoclinic.com,Genderqueer,157.187.233.98
Wendi,Vazquez,wvazquez8i@paypal.com,Genderqueer,88.54.254.176
Renata,Gornall,rgornall8j@jigsy.com,Agender,169.215.91.160
Kayla,Lambal,klambal8k@nytimes.com,Non-binary,81.206.41.81
Jeramie,Dounbare,jdounbare8l@cornell.edu,Non-binary,133.4.214.18
Hillyer,Mattys,hmattys8m@indiegogo.com,Polygender,1.183.117.182
Andris,Tarr,atarr8n@time.com,Genderfluid,42.10.58.35
Reuben,Kerbler,rkerbler8o@dion.ne.jp,Female,15.130.208.151
Jenna,Gorrick,jgorrick8p@mit.edu,Polygender,41.14.129.219
Lindsay,Moye,lmoye8q@360.cn,Agender,6.155.149.96
Mord,Roddick,mroddick8r@usa.gov,Genderfluid,28.142.229.253
Natalina,Hulland,nhulland8s@addtoany.com,Genderfluid,41.138.4.50
Felipa,Barrable,fbarrable8t@tuttocitta.it,Bigender,167.47.92.14
Adrienne,Creevy,acreevy8u@people.com.cn,Polygender,120.251.155.75
Deidre,Oakenfall,doakenfall8v@netvibes.com,Non-binary,146.75.243.37
Dex,Rallin,drallin8w@reference.com,Polygender,146.141.43.76
Karil,Sussex,ksussex8x@intel.com,Agender,212.27.201.51
Odilia,Kopke,okopke8y@printfriendly.com,Polygender,107.137.86.19
Sheilah,Leyninye,sleyninye8z@goo.ne.jp,Female,108.141.216.107
Teodorico,Weinmann,tweinmann90@vkontakte.ru,Agender,165.47.48.55
Korry,Rablin,krablin91@techcrunch.com,Polygender,204.237.238.70
Marcello,Brockett,mbrockett92@dion.ne.jp,Agender,121.150.93.62
Laurens,Blackwell,lblackwell93@dropbox.com,Bigender,203.142.122.100
Darla,Parham,dparham94@unicef.org,Bigender,133.184.251.225
Gram,Westby,gwestby95@alibaba.com,Genderfluid,135.144.130.140
Felice,Jeacop,fjeacop96@linkedin.com,Male,251.31.98.244
Rock,Henlon,rhenlon97@weebly.com,Genderqueer,74.206.161.174
Verne,Cheng,vcheng98@fema.gov,Bigender,189.254.78.34
Ernest,Derx,ederx99@ow.ly,Genderfluid,149.75.32.236
Tabor,Bradlaugh,tbradlaugh9a@hc360.com,Genderqueer,56.252.0.223
Neel,Cozby,ncozby9b@webeden.co.uk,Agender,85.59.140.235
Ilaire,Schowenburg,ischowenburg9c@icio.us,Genderqueer,99.200.226.44
Melonie,Cockburn,mcockburn9d@shutterfly.com,Female,66.223.48.34
Bonni,Dukesbury,bdukesbury9e@archive.org,Genderfluid,182.67.140.170
Gal,Kemwal,gkemwal9f@canalblog.com,Non-binary,71.1.6.86
Trisha,Yarnold,tyarnold9g@tuttocitta.it,Genderqueer,47.125.169.243
Otha,Donan,odonan9h@alibaba.com,Non-binary,117.114.105.175
Gwenette,Underhill,gunderhill9i@google.ru,Genderfluid,74.114.36.221
Shelden,Extil,sextil9j@mapquest.com,Bigender,253.43.11.181
Delora,Garrals,dgarrals9k@symantec.com,Polygender,143.127.188.13
Birk,Draysey,bdraysey9l@multiply.com,Genderfluid,9.27.170.46
Tobey,Pessold,tpessold9m@weebly.com,Genderfluid,85.50.224.135
Darius,Leband,dleband9n@sphinn.com,Non-binary,125.183.201.65
Duane,Snow,dsnow9o@cyberchimps.com,Genderfluid,218.172.64.254
Amanda,Howels,ahowels9p@blog.com,Genderfluid,126.237.230.165
Leanora,Sandercock,lsandercock9q@oracle.com,Female,18.12.26.24
Bobby,Beernt,bbeernt9r@foxnews.com,Agender,118.94.168.228
Gusta,Baggarley,gbaggarley9s@mayoclinic.com,Genderfluid,234.59.182.48
Anissa,Hotton,ahotton9t@myspace.com,Genderfluid,182.115.190.142
Margalit,Mattiessen,mmattiessen9u@wix.com,Male,68.85.75.33
Alicia,Iacovolo,aiacovolo9v@google.nl,Bigender,238.13.25.202
Tyson,Turfitt,tturfitt9w@canalblog.com,Genderqueer,67.119.12.14
Balduin,Loudwell,bloudwell9x@ihg.com,Agender,245.38.67.177
Rozalin,Raffeorty,rraffeorty9y@g.co,Polygender,187.110.66.169
Ruddy,Follit,rfollit9z@nationalgeographic.com,Non-binary,162.8.231.73
Dorri,Boyse,dboysea0@networksolutions.com,Genderqueer,254.192.184.96
Aurelia,Dockrill,adockrilla1@weebly.com,Agender,109.20.128.203
Damian,Rapin,drapina2@sfgate.com,Agender,136.179.76.173
Peadar,Blessed,pblesseda3@elegantthemes.com,Female,91.82.74.14
Lurleen,Romme,lrommea4@icio.us,Genderqueer,103.236.50.112
Babbie,Jans,bjansa5@squidoo.com,Polygender,224.217.141.151
Frances,Harhoff,fharhoffa6@cargocollective.com,Genderqueer,209.55.65.243
Lucais,Hemms,lhemmsa7@marketwatch.com,Non-binary,33.84.188.9
Cecelia,Dalinder,cdalindera8@godaddy.com,Female,200.27.104.208
Cele,Griswaite,cgriswaitea9@youtube.com,Genderqueer,175.150.136.232
Taite,Holtum,tholtumaa@facebook.com,Agender,120.200.148.47
Dreddy,Ferie,dferieab@dagondesign.com,Non-binary,148.6.201.65
Margarethe,Poxton,mpoxtonac@abc.net.au,Genderfluid,27.103.110.66
Giustino,Cattermole,gcattermolead@cnet.com,Agender,93.55.12.193
Sacha,Brogan,sbroganae@behance.net,Non-binary,201.28.39.138
Griswold,Winkless,gwinklessaf@freewebs.com,Genderqueer,101.170.139.164
Gayle,Madgewick,gmadgewickag@usnews.com,Male,197.161.11.26
Orsola,Maas,omaasah@miibeian.gov.cn,Genderfluid,158.119.254.63
Frasco,Dorbin,fdorbinai@zimbio.com,Genderqueer,207.36.55.32
Jamie,Grout,jgroutaj@bbb.org,Genderqueer,68.45.118.165
Risa,Grouse,rgrouseak@oracle.com,Female,119.114.211.29
Paulo,Cromb,pcrombal@newyorker.com,Male,24.18.7.105
Mathian,Mac,mmacam@uiuc.edu,Agender,101.95.238.64
Iormina,Khomishin,ikhomishinan@dailymail.co.uk,Polygender,28.107.198.195
Tobey,O'Lehane,tolehaneao@vimeo.com,Bigender,82.141.224.64
Hadlee,Huggard,hhuggardap@yelp.com,Male,145.216.128.4
Hope,Sorensen,hsorensenaq@senate.gov,Bigender,56.140.108.12
Trip,Bing,tbingar@shinystat.com,Genderfluid,155.254.102.145
Verile,Cristea,vcristeaas@sun.com,Male,2.153.132.223
Oby,Sample,osampleat@altervista.org,Agender,253.115.2.148
Sean,Quince,squinceau@bizjournals.com,Non-binary,39.244.139.132
Carissa,Nutkin,cnutkinav@alibaba.com,Male,1.130.245.231
Sallyann,Guyers,sguyersaw@goo.ne.jp,Genderfluid,143.6.177.151
Cara,Mars,cmarsax@cbsnews.com,Male,146.34.244.122
Gabby,Bourgeois,gbourgeoisay@123-reg.co.uk,Bigender,66.22.12.186
Carmelia,Drissell,cdrissellaz@technorati.com,Male,124.252.161.208
Aldridge,Ghidotti,aghidottib0@epa.gov,Non-binary,222.159.23.53
Moe,Fibbit,mfibbitb1@domainmarket.com,Genderqueer,70.131.83.83
Goldina,Shrawley,gshrawleyb2@example.com,Bigender,157.159.5.60
Laryssa,Matelyunas,lmatelyunasb3@cyberchimps.com,Polygender,198.11.220.214
Cecilius,Stearns,cstearnsb4@webeden.co.uk,Bigender,32.132.80.8
Tremaine,Tunnock,ttunnockb5@about.me,Male,13.105.73.11
Mikkel,Clancey,mclanceyb6@vinaora.com,Bigender,7.167.152.200
Wallis,O'Carran,wocarranb7@eepurl.com,Bigender,241.75.69.174
Cazzie,Gress,cgressb8@ftc.gov,Male,224.129.129.203
Genna,Liff,gliffb9@live.com,Bigender,126.37.95.138
Elayne,Titmuss,etitmussba@macromedia.com,Agender,51.250.77.122
Malachi,Cattermoul,mcattermoulbb@huffingtonpost.com,Bigender,104.34.162.154
Aluino,Amps,aampsbc@usda.gov,Agender,92.21.223.21
Verna,Helliwell,vhelliwellbd@bigcartel.com,Male,192.74.80.42
Sawyer,Canet,scanetbe@alexa.com,Agender,182.156.224.44
Clemens,Winsiowiecki,cwinsiowieckibf@youtu.be,Genderfluid,238.216.175.116
Deena,McArley,dmcarleybg@wired.com,Polygender,229.108.139.152
Sebastiano,Lines,slinesbh@freewebs.com,Polygender,225.34.247.15
Lula,Bedome,lbedomebi@nhs.uk,Non-binary,110.178.53.60
Ludvig,Fallow,lfallowbj@360.cn,Female,144.158.200.238
Mannie,Hugett,mhugettbk@seattletimes.com,Agender,82.12.166.3
Larry,Hassell,lhassellbl@arstechnica.com,Non-binary,159.141.228.211
Jarrod,Bester,jbesterbm@noaa.gov,Female,63.160.97.39
Querida,Danjoie,qdanjoiebn@over-blog.com,Genderqueer,95.251.92.135
Chancey,Hanshaw,chanshawbo@mapquest.com,Agender,134.169.185.138
Erda,Caen,ecaenbp@cnbc.com,Agender,9.35.186.85
Cherey,Blandamere,cblandamerebq@storify.com,Non-binary,122.225.237.49
Benjie,Baress,bbaressbr@1und1.de,Bigender,135.35.197.246
Jannelle,Di Franceschi,jdifranceschibs@scientificamerican.com,Agender,252.16.68.231
Mic,Coning,mconingbt@free.fr,Polygender,103.161.243.35
Deloria,Le Blond,dleblondbu@amazon.com,Male,71.22.64.195
Gradeigh,McAdam,gmcadambv@samsung.com,Genderqueer,159.15.7.188
Cheri,Haughin,chaughinbw@cam.ac.uk,Agender,10.1.23.158
Brodie,Suche,bsuchebx@kickstarter.com,Polygender,233.99.187.72
Nataniel,Maffini,nmaffiniby@parallels.com,Male,72.221.154.54
Marianna,Kroon,mkroonbz@ted.com,Genderfluid,21.89.227.69
Persis,Jime,pjimec0@macromedia.com,Male,24.46.37.2
Trenna,Ixer,tixerc1@bigcartel.com,Female,33.28.2.219
Desmond,Filippucci,dfilippuccic2@google.pl,Genderfluid,21.73.0.189
Benoite,Scoullar,bscoullarc3@google.com,Male,1.24.45.208
Valeda,Robbert,vrobbertc4@princeton.edu,Agender,131.85.125.126
Cati,Gainsbury,cgainsburyc5@webnode.com,Male,209.131.182.23
Clareta,Rex,crexc6@google.it,Non-binary,57.69.247.92
Audrye,Junkison,ajunkisonc7@fc2.com,Male,2.226.82.36
Hannah,Gentil,hgentilc8@parallels.com,Male,162.180.107.170
Angelique,Avey,aaveyc9@tripadvisor.com,Female,229.210.208.22
Quent,Frantzeni,qfrantzenica@taobao.com,Polygender,39.219.112.141
Spense,Battabee,sbattabeecb@tripadvisor.com,Agender,217.144.204.192
Arly,Heibl,aheiblcc@tripod.com,Polygender,249.151.121.96
Curran,Antonelli,cantonellicd@blogtalkradio.com,Agender,116.146.190.14
Beverley,Bradburne,bbradburnece@php.net,Genderfluid,164.81.183.217
Marci,Ventura,mventuracf@cdbaby.com,Agender,106.244.53.13
Timoteo,Kleinhandler,tkleinhandlercg@de.vu,Genderqueer,230.25.143.118
Coop,Cantrill,ccantrillch@4shared.com,Male,0.231.21.90
Carry,Chastenet,cchastenetci@gov.uk,Genderqueer,97.70.141.46
Tybalt,Ickowicz,tickowiczcj@spotify.com,Polygender,151.145.6.16
Marthe,Branthwaite,mbranthwaiteck@marketwatch.com,Bigender,163.246.23.105
Ingemar,Briton,ibritoncl@oakley.com,Genderfluid,177.252.59.226
Debbi,Curness,dcurnesscm@de.vu,Polygender,53.93.139.9
Bennett,Tether,btethercn@uiuc.edu,Polygender,238.145.126.24
Rickard,Petofi,rpetofico@cnbc.com,Polygender,18.77.15.152
Dominga,Steuhlmeyer,dsteuhlmeyercp@nasa.gov,Agender,71.61.81.226
Woodie,Guly,wgulycq@mozilla.org,Bigender,159.250.120.217
Rickard,Burnel,rburnelcr@psu.edu,Bigender,74.124.170.7
Udall,Souness,usounesscs@nytimes.com,Female,180.48.65.74
Felic,Sambiedge,fsambiedgect@usda.gov,Genderfluid,126.170.253.37
Rooney,Tuohy,rtuohycu@china.com.cn,Genderfluid,64.156.29.17
Robbi,Farlam,rfarlamcv@wunderground.com,Female,219.18.6.14
Genvieve,Antham,ganthamcw@scribd.com,Non-binary,185.73.239.224
Delainey,Curm,dcurmcx@spotify.com,Female,84.51.17.227
Jolie,Paddock,jpaddockcy@hostgator.com,Female,233.4.134.114
Row,Ros,rroscz@prweb.com,Genderqueer,158.235.116.158
Elysee,Benck,ebenckd0@ocn.ne.jp,Male,96.233.163.218
Arnie,Lafontaine,alafontained1@sitemeter.com,Genderfluid,180.21.231.0
Cristal,Learoid,clearoidd2@purevolume.com,Female,93.160.96.242
Loretta,Axup,laxupd3@npr.org,Male,83.230.127.64
Barnabe,Pither,bpitherd4@amazon.co.uk,Genderqueer,254.11.93.125
Jocelyn,Dybald,jdybaldd5@wired.com,Female,37.199.113.183
Rochell,Jerwood,rjerwoodd6@imgur.com,Polygender,158.22.96.218
Burnard,Pawlett,bpawlettd7@elegantthemes.com,Agender,199.223.3.60
Berti,Gillie,bgillied8@arstechnica.com,Non-binary,102.26.188.230
Sibeal,McLaren,smclarend9@ning.com,Female,64.222.158.178
Rufe,Mullord,rmullordda@photobucket.com,Polygender,73.204.172.86
Frants,Setch,fsetchdb@gnu.org,Genderfluid,131.136.71.212
Rayna,Collihole,rcolliholedc@foxnews.com,Non-binary,155.12.150.84
Husein,Clymer,hclymerdd@ihg.com,Genderfluid,148.3.59.77
Susanna,Chezelle,schezellede@booking.com,Non-binary,149.70.207.126
Almira,Curedale,acuredaledf@bing.com,Non-binary,175.248.11.252
Tamma,Wakelin,twakelindg@studiopress.com,Female,101.219.59.219
Moina,Gorling,mgorlingdh@livejournal.com,Agender,33.111.155.104
Kizzie,Klulik,kklulikdi@reverbnation.com,Male,132.7.252.230
Sam,Menguy,smenguydj@networksolutions.com,Genderqueer,75.18.186.149
Suzi,Ruprecht,sruprechtdk@networkadvertising.org,Polygender,191.163.49.156
Neysa,Dinsey,ndinseydl@sphinn.com,Bigender,95.3.179.203
Maryellen,Le Noir,mlenoirdm@amazonaws.com,Polygender,165.133.85.29
Zebulon,Grollmann,zgrollmanndn@devhub.com,Polygender,223.194.77.173
Shandeigh,Maggiori,smaggiorido@goo.gl,Genderfluid,251.141.159.227
Kerrill,Bollen,kbollendp@sun.com,Female,247.221.232.3
Eric,Wadeson,ewadesondq@abc.net.au,Bigender,38.25.129.4
Keary,Mound,kmounddr@studiopress.com,Female,177.217.74.252
Eliza,Assad,eassadds@hibu.com,Bigender,28.168.18.162
Brunhilde,Sharp,bsharpdt@liveinternet.ru,Genderqueer,63.234.186.33
Cristin,Mcall,cmcalldu@addtoany.com,Female,185.185.33.43
Reuven,Abramzon,rabramzondv@google.co.uk,Genderfluid,42.55.126.102
Morlee,Guerin,mguerindw@wikispaces.com,Agender,97.213.188.169
Demetris,Trevino,dtrevinodx@xrea.com,Male,160.116.207.59
Edie,Lishmund,elishmunddy@networksolutions.com,Male,131.63.248.116
Earvin,Martina,emartinadz@goo.gl,Bigender,14.127.27.63
Alysa,Richmond,arichmonde0@sphinn.com,Genderfluid,49.217.156.184
Kev,Gwilliam,kgwilliame1@simplemachines.org,Female,14.186.60.175
Pia,De la Barre,pdelabarree2@go.com,Agender,236.73.204.210
Bobbie,Salthouse,bsalthousee3@shareasale.com,Genderqueer,200.51.85.138
Myrilla,Kliche,mklichee4@admin.ch,Polygender,75.161.72.80
Grazia,Eve,gevee5@shutterfly.com,Male,22.97.68.201
Lisa,Healks,lhealkse6@uol.com.br,Genderqueer,88.104.238.170
Carlee,Thorneywork,cthorneyworke7@walmart.com,Genderqueer,10.57.153.147
Dulcine,Ovey,doveye8@illinois.edu,Genderfluid,18.184.191.19
Dreddy,Whilde,dwhildee9@wp.com,Male,233.34.49.35
Matthaeus,Campes,mcampesea@youtu.be,Genderfluid,143.56.28.91
Cyb,Titcumb,ctitcumbeb@washington.edu,Genderfluid,86.81.110.100
Decca,Clace,dclaceec@vinaora.com,Male,99.98.170.173
Silvio,Thomasset,sthomasseted@ezinearticles.com,Polygender,227.70.230.7
Juana,Rosenqvist,jrosenqvistee@fema.gov,Bigender,212.163.131.105
Francisco,Isaksen,fisaksenef@hud.gov,Genderqueer,221.39.235.36
Auroora,Babe,ababeeg@bandcamp.com,Male,55.5.158.232
Faythe,Pellew,fpelleweh@discovery.com,Male,238.171.10.131
Dasha,Bonhome,dbonhomeei@zdnet.com,Polygender,113.172.198.230
Egbert,Steer,esteerej@freewebs.com,Polygender,77.249.253.34
Lilah,Jarrard,ljarrardek@nyu.edu,Bigender,138.104.190.112
Stefanie,Hun,shunel@msu.edu,Non-binary,241.182.173.203
Faustine,Aasaf,faasafem@google.ru,Non-binary,159.99.46.7
Benetta,Screen,bscreenen@skype.com,Female,246.204.12.40
Jarid,Woodrough,jwoodrougheo@exblog.jp,Genderfluid,138.113.247.46
Tanner,Fray,tfrayep@un.org,Genderfluid,107.170.148.101
Bamby,Daw,bdaweq@vinaora.com,Non-binary,244.83.243.39
Jennine,Butcher,jbutcherer@noaa.gov,Bigender,156.7.184.27
Agatha,Bettison,abettisones@spotify.com,Agender,38.23.115.200
Jenifer,de Marco,jdemarcoet@moonfruit.com,Genderfluid,130.219.52.151
Elna,Richter,erichtereu@google.com.au,Non-binary,230.69.247.134
Glennis,Purkess,gpurkessev@dropbox.com,Polygender,253.120.129.61
Codie,Showen,cshowenew@google.co.jp,Genderfluid,147.25.16.81
Willey,Raikes,wraikesex@51.la,Polygender,144.184.191.201
Jackelyn,Couronne,jcouronneey@list-manage.com,Non-binary,162.252.43.212
Ebeneser,Thirsk,ethirskez@symantec.com,Agender,112.2.162.44
Putnam,Bruck,pbruckf0@thetimes.co.uk,Female,133.15.250.157
Fidela,Neil,fneilf1@foxnews.com,Agender,32.22.238.12
Reese,Oxe,roxef2@mozilla.com,Male,88.120.201.166
Gradeigh,Sanger,gsangerf3@digg.com,Male,82.145.234.126
Charlean,English,cenglishf4@google.de,Male,42.22.141.114
Bealle,Dunmore,bdunmoref5@sbwire.com,Genderfluid,153.171.248.194
Heather,De Metz,hdemetzf6@multiply.com,Male,20.129.119.147
Armand,Astin,aastinf7@baidu.com,Non-binary,230.185.87.102
Benjy,Camamile,bcamamilef8@indiegogo.com,Genderfluid,37.118.125.26
Norry,Bagehot,nbagehotf9@webmd.com,Polygender,8.235.146.44
Raven,Yellowlea,ryellowleafa@cloudflare.com,Genderfluid,117.246.20.131
Maighdiln,Walden,mwaldenfb@jiathis.com,Genderqueer,206.94.89.228
Tim,Worsell,tworsellfc@wired.com,Bigender,230.236.162.59
Nappy,Pashe,npashefd@diigo.com,Agender,132.101.246.173
Donavon,Drew,ddrewfe@dagondesign.com,Agender,125.255.202.181
Ralf,Backshaw,rbackshawff@plala.or.jp,Male,216.217.164.97
Joice,Mackness,jmacknessfg@ow.ly,Male,173.14.225.98
Ernesta,Coplestone,ecoplestonefh@addtoany.com,Genderqueer,186.171.0.226
Lurette,Stritton,lstrittonfi@angelfire.com,Genderqueer,177.63.167.224
Clint,Moreinis,cmoreinisfj@youtube.com,Female,54.16.123.184
Marlene,Ellard,mellardfk@opera.com,Genderqueer,79.136.160.31
Timmy,Atling,tatlingfl@lulu.com,Genderfluid,218.165.122.46
Johan,Anelay,janelayfm@house.gov,Male,174.169.45.155
Blanch,Clymer,bclymerfn@storify.com,Polygender,194.120.170.122
Grace,Stockton,gstocktonfo@ted.com,Polygender,201.37.239.185
Katherine,Kingerby,kkingerbyfp@usgs.gov,Genderqueer,233.14.81.56
Bondy,Howland,bhowlandfq@simplemachines.org,Agender,21.106.82.166
Zoe,Drescher,zdrescherfr@eventbrite.com,Female,211.222.158.114
Colas,Fransinelli,cfransinellifs@quantcast.com,Bigender,134.175.79.234
Isaac,Girardot,igirardotft@intel.com,Bigender,141.202.29.148
Dav,Frostdyke,dfrostdykefu@opera.com,Agender,81.56.225.85
Kaitlin,Cicci,kciccifv@umn.edu,Genderfluid,1.234.220.185
Bentlee,Fryatt,bfryattfw@tuttocitta.it,Non-binary,246.30.59.27
Morly,Thor,mthorfx@freewebs.com,Bigender,50.177.151.3
Roda,Lapidus,rlapidusfy@hubpages.com,Genderqueer,184.87.59.67
Justino,Gierek,jgierekfz@theguardian.com,Agender,249.178.133.225
Layney,Somers,lsomersg0@stanford.edu,Non-binary,47.142.166.48
Ricard,Sellan,rsellang1@google.com,Polygender,105.23.27.181
Kirsteni,Laffranconi,klaffranconig2@indiatimes.com,Genderqueer,69.50.235.111
Cathie,de Juares,cdejuaresg3@adobe.com,Male,97.86.107.2
Lucian,Denham,ldenhamg4@aol.com,Genderfluid,207.70.81.78
Euell,Kelshaw,ekelshawg5@dropbox.com,Genderfluid,182.132.177.199
Cati,Belhomme,cbelhommeg6@clickbank.net,Male,39.107.150.91
Carlyn,Costan,ccostang7@mashable.com,Non-binary,86.170.6.2
Rees,Haggeth,rhaggethg8@dyndns.org,Genderqueer,117.53.237.52
Darwin,Leebetter,dleebetterg9@rediff.com,Polygender,45.44.159.185
Jaquenette,Rubenchik,jrubenchikga@latimes.com,Genderqueer,182.7.16.208
Mozes,Warke,mwarkegb@wikimedia.org,Female,240.52.14.96
Holly,Briston,hbristongc@elegantthemes.com,Female,182.152.68.190
Maurice,Gateshill,mgateshillgd@ebay.com,Genderqueer,113.162.101.32
Marthena,Diable,mdiablege@arizona.edu,Genderfluid,43.76.86.165
Glennis,Beernt,gbeerntgf@people.com.cn,Agender,44.102.29.145
Tybi,Fussie,tfussiegg@imgur.com,Genderqueer,223.207.203.37
Morey,Vallentin,mvallentingh@woothemes.com,Non-binary,168.76.52.98
Morna,Boule,mboulegi@homestead.com,Agender,252.205.176.253
Fredra,Elton,feltongj@google.co.uk,Female,204.64.239.37
Jameson,Weeden,jweedengk@webeden.co.uk,Male,24.105.33.160
Jamey,Lycett,jlycettgl@answers.com,Female,30.162.12.213
Arv,Blain,ablaingm@1und1.de,Female,88.67.12.2
Flynn,Beagan,fbeagangn@pbs.org,Agender,141.82.185.98
Holt,MacAughtrie,hmacaughtriego@wix.com,Non-binary,180.146.199.109
Chaim,Lazer,clazergp@independent.co.uk,Female,132.146.245.117
Kylynn,Armour,karmourgq@webs.com,Bigender,192.163.231.173
Quillan,Ubee,qubeegr@wix.com,Non-binary,187.108.166.131
Doralynn,Blase,dblasegs@kickstarter.com,Polygender,173.8.196.54
Forester,Gerred,fgerredgt@miibeian.gov.cn,Non-binary,38.40.51.228
Dukey,Rikel,drikelgu@answers.com,Polygender,197.102.207.100
Florencia,Caudrelier,fcaudreliergv@gmpg.org,Polygender,117.24.223.209
Corene,McComb,cmccombgw@google.com.hk,Genderqueer,143.95.118.157
Melania,Millar,mmillargx@ed.gov,Bigender,238.216.188.188
Oran,Florio,ofloriogy@linkedin.com,Genderfluid,103.211.197.250
Laetitia,Robertson,lrobertsongz@house.gov,Bigender,197.81.210.196
Karine,Easlea,keasleah0@ft.com,Bigender,95.37.139.225
Sybyl,Sycamore,ssycamoreh1@ucsd.edu,Agender,130.72.157.222
Chadwick,Roarty,croartyh2@wikispaces.com,Non-binary,39.206.174.81
Dulcea,Kilvington,dkilvingtonh3@nature.com,Genderqueer,141.114.70.30
Dunn,Bothbie,dbothbieh4@mozilla.org,Genderqueer,66.130.84.177
Antin,Hawkings,ahawkingsh5@nasa.gov,Genderqueer,112.32.180.39
Ami,Jacquemot,ajacquemoth6@wisc.edu,Genderqueer,22.216.81.113
Barde,McDavid,bmcdavidh7@wix.com,Agender,172.230.251.74
Cherrita,Heap,cheaph8@vinaora.com,Genderfluid,165.138.158.120
Cassius,Ingold,cingoldh9@nasa.gov,Genderqueer,35.45.252.14
Pattie,Odo,podoha@g.co,Bigender,77.98.236.9
Alex,Newvell,anewvellhb@spiegel.de,Bigender,69.168.201.184
Tiler,Sammut,tsammuthc@pbs.org,Genderqueer,66.39.80.45
Jeff,Seabridge,jseabridgehd@sun.com,Agender,135.9.75.234
Arlena,Muston,amustonhe@home.pl,Male,240.171.200.179
Meg,Tunna,mtunnahf@163.com,Non-binary,212.221.169.161
Modestia,Oliphand,moliphandhg@shinystat.com,Bigender,148.199.202.222
Stefan,Jurczak,sjurczakhh@noaa.gov,Agender,255.91.4.51
Constantia,Brims,cbrimshi@ovh.net,Male,145.198.210.127
Hollis,Harbison,hharbisonhj@google.de,Bigender,106.108.215.41
Wendell,Flores,wfloreshk@army.mil,Genderfluid,92.172.20.8
Gerrie,Whyley,gwhyleyhl@skyrock.com,Non-binary,99.142.53.164
Ailsun,Poskitt,aposkitthm@nbcnews.com,Genderfluid,126.200.41.177
Min,Mucillo,mmucillohn@fotki.com,Male,113.80.127.60
Trix,Hurdman,thurdmanho@wikimedia.org,Male,132.140.219.57
Tiffy,Fells,tfellshp@usda.gov,Male,144.157.190.244
Olimpia,Hartas,ohartashq@chicagotribune.com,Female,60.242.19.175
Kristien,Narramore,knarramorehr@mozilla.org,Polygender,155.19.246.17
Rana,Ducker,rduckerhs@xrea.com,Bigender,232.104.15.202
Micki,Baldini,mbaldiniht@wikimedia.org,Genderqueer,101.153.43.17
Ban,Poter,bpoterhu@dagondesign.com,Male,55.58.209.86
Gloriane,Milmore,gmilmorehv@smugmug.com,Genderfluid,146.12.223.249
Dulcine,Burchell,dburchellhw@liveinternet.ru,Genderqueer,197.148.111.122
Huntley,Mcwhinnie,hmcwhinniehx@oaic.gov.au,Genderfluid,79.10.166.115
Maria,Marrable,mmarrablehy@quantcast.com,Genderqueer,218.138.89.228
Chrissie,Ingley,cingleyhz@vk.com,Male,115.107.151.158
Ev,Vedyaev,evedyaevi0@lulu.com,Agender,217.213.33.100
Shellie,Henrionot,shenrionoti1@multiply.com,Genderqueer,61.35.67.112
Donnie,Barbara,dbarbarai2@seesaa.net,Male,74.32.179.159
Meara,Jindra,mjindrai3@flavors.me,Bigender,250.227.171.87
Dru,Dursley,ddursleyi4@imgur.com,Agender,60.58.78.32
Pam,Rohlfs,prohlfsi5@google.fr,Genderfluid,14.46.72.227
Trstram,De Francisci,tdefranciscii6@newyorker.com,Female,145.161.36.242
Lindi,Woolfenden,lwoolfendeni7@linkedin.com,Male,101.7.192.230
Gusella,Filgate,gfilgatei8@topsy.com,Agender,10.216.161.172
Raf,Jerrard,rjerrardi9@google.co.uk,Male,40.173.229.153
Ermanno,Mazella,emazellaia@addtoany.com,Genderfluid,68.49.233.123
Bone,Stripling,bstriplingib@github.com,Polygender,33.225.157.48
Marven,Doggerell,mdoggerellic@domainmarket.com,Non-binary,136.65.28.191
Marven,Latchford,mlatchfordid@go.com,Non-binary,109.168.129.118
Carny,Bricksey,cbrickseyie@java.com,Male,94.78.207.25
Allard,Whyteman,awhytemanif@aol.com,Genderfluid,52.83.84.32
Lila,Vaux,lvauxig@linkedin.com,Male,206.101.14.89
Saw,Laborda,slabordaih@bravesites.com,Genderfluid,3.38.66.167
Cammie,Youngman,cyoungmanii@skype.com,Male,209.9.57.242
Codie,Waren,cwarenij@businessweek.com,Bigender,111.95.215.73
Teri,Flucker,tfluckerik@harvard.edu,Polygender,246.250.205.79
Rosella,McNalley,rmcnalleyil@dagondesign.com,Agender,114.143.28.6
Karlotta,Pelos,kpelosim@acquirethisname.com,Male,26.172.11.207
Normie,Coyish,ncoyishin@google.ca,Female,73.82.159.126
Shea,Noakes,snoakesio@flavors.me,Genderfluid,231.172.193.104
Clarabelle,Puttrell,cputtrellip@squidoo.com,Polygender,31.186.56.1
Rebekkah,Tackell,rtackelliq@businessinsider.com,Genderfluid,118.32.180.115
Petrina,Brownscombe,pbrownscombeir@seattletimes.com,Genderqueer,236.234.168.233
Guilbert,Gilmartin,ggilmartinis@list-manage.com,Genderqueer,37.23.17.137
Torrie,Mollin,tmollinit@youtube.com,Genderqueer,204.191.238.253
Mozelle,Plait,mplaitiu@over-blog.com,Genderqueer,194.124.33.224
Gillian,Dowall,gdowalliv@nydailynews.com,Genderfluid,136.92.104.158
Isobel,Shiell,ishielliw@scientificamerican.com,Agender,75.118.89.157
Shana,Liddel,sliddelix@telegraph.co.uk,Genderqueer,148.182.176.44
Rosalie,Quipp,rquippiy@myspace.com,Genderqueer,115.206.83.19
Eloise,Duinbleton,eduinbletoniz@youtu.be,Genderqueer,251.88.83.48
Levin,De Cristofalo,ldecristofaloj0@baidu.com,Polygender,217.204.160.143
Benedikta,Clampe,bclampej1@reverbnation.com,Agender,61.19.101.255
Tannie,Aldington,taldingtonj2@springer.com,Genderfluid,81.253.250.17
Georges,Jeffry,gjeffryj3@unicef.org,Agender,0.82.148.109
Cortie,Conlaund,cconlaundj4@ehow.com,Female,145.212.193.80
Hans,Boatwright,hboatwrightj5@newsvine.com,Male,212.98.112.173
Forrest,Goolden,fgooldenj6@china.com.cn,Bigender,177.95.180.85
Wilmer,Torrisi,wtorrisij7@4shared.com,Female,141.0.70.231
Bev,Karchowski,bkarchowskij8@odnoklassniki.ru,Bigender,91.161.133.234
Reeba,Renault,rrenaultj9@cbc.ca,Polygender,17.37.177.236
Morgana,Francino,mfrancinoja@usgs.gov,Bigender,145.217.180.118
Danni,Groucutt,dgroucuttjb@w3.org,Male,193.236.134.119
Marietta,Kilbey,mkilbeyjc@amazonaws.com,Male,196.2.38.149
Adler,Menilove,amenilovejd@weather.com,Polygender,127.238.103.179
Gregory,Hamer,ghamerje@cornell.edu,Non-binary,118.134.199.251
Mathew,Eastwood,meastwoodjf@amazon.com,Genderqueer,120.1.83.184
Rogerio,Chelsom,rchelsomjg@who.int,Female,6.39.147.153
Krystyna,Garbert,kgarbertjh@g.co,Female,157.215.34.183
Tamarra,Bendel,tbendelji@mit.edu,Polygender,163.225.63.31
Asia,Bartram,abartramjj@fastcompany.com,Non-binary,58.40.193.53
Eustace,Aumerle,eaumerlejk@oracle.com,Genderqueer,56.199.223.115
Norry,Lorne,nlornejl@soundcloud.com,Genderqueer,54.68.88.198
Kahaleel,Acarson,kacarsonjm@newsvine.com,Male,249.188.21.133
Tootsie,Vittet,tvittetjn@globo.com,Female,89.149.50.78
Wood,Simmonds,wsimmondsjo@bloglovin.com,Genderfluid,137.226.177.196
Marget,Brenard,mbrenardjp@sun.com,Non-binary,110.46.112.111
Felicio,Hallibone,fhallibonejq@1und1.de,Bigender,19.107.26.220
Virgie,Cassar,vcassarjr@globo.com,Agender,106.251.19.146
Laurent,Levecque,llevecquejs@cornell.edu,Genderfluid,67.212.19.88
Perl,Kuhlmey,pkuhlmeyjt@who.int,Polygender,4.3.212.166
Marcellina,Derrett,mderrettju@yahoo.com,Genderfluid,193.110.121.59
Gwynne,Eastway,geastwayjv@wufoo.com,Genderfluid,35.110.60.72
Delphinia,Raymont,draymontjw@biglobe.ne.jp,Female,178.118.13.19
Marcille,Evangelinos,mevangelinosjx@hud.gov,Female,27.229.206.202
Rodrique,Tomsu,rtomsujy@qq.com,Male,155.174.242.163
Breanne,Bygate,bbygatejz@free.fr,Non-binary,122.236.103.77
Christy,Cuniam,ccuniamk0@godaddy.com,Genderqueer,42.106.122.20
Audry,Warfield,awarfieldk1@addthis.com,Genderqueer,47.108.246.251
Cornall,Hallows,challowsk2@forbes.com,Agender,183.101.133.133
Tansy,Attoe,tattoek3@shutterfly.com,Polygender,217.53.150.232
Skipper,Satcher,ssatcherk4@admin.ch,Bigender,155.140.112.187
Miran,Salandino,msalandinok5@hugedomains.com,Female,222.170.122.120
Reina,Noblett,rnoblettk6@dedecms.com,Agender,168.5.233.25
Dirk,Poley,dpoleyk7@t.co,Female,32.233.235.113
Jelene,Martinelli,jmartinellik8@google.co.uk,Female,63.121.49.178
Hattie,Morde,hmordek9@google.co.jp,Female,194.1.61.206
Kermy,Baldocci,kbaldoccika@yandex.ru,Polygender,30.77.219.37
Britt,Hoofe,bhoofekb@princeton.edu,Bigender,77.217.135.154
Fraser,Audibert,faudibertkc@disqus.com,Polygender,161.82.90.28
Luke,Chesswas,lchesswaskd@fastcompany.com,Polygender,3.148.170.217
Charisse,Deeley,cdeeleyke@nydailynews.com,Bigender,1.149.157.100
Red,Ruben,rrubenkf@dot.gov,Genderfluid,66.161.218.13
Lorri,Wreiford,lwreifordkg@webnode.com,Polygender,184.82.197.132
Mike,Frentz,mfrentzkh@ftc.gov,Male,249.234.211.164
Chucho,Cowderay,ccowderayki@reddit.com,Male,85.59.224.61
Shandeigh,Dell'Abbate,sdellabbatekj@bluehost.com,Bigender,75.15.67.50
Conan,Portch,cportchkk@utexas.edu,Male,133.195.184.10
Nicolette,Caukill,ncaukillkl@sakura.ne.jp,Bigender,31.48.83.140
Raviv,Tippell,rtippellkm@vimeo.com,Agender,56.59.21.117
Valerye,Forder,vforderkn@people.com.cn,Polygender,113.155.172.32
Neville,Fright,nfrightko@forbes.com,Non-binary,130.10.219.53
Ulysses,Plose,uplosekp@wikipedia.org,Agender,117.22.165.96
Andreana,Ades,aadeskq@reddit.com,Polygender,252.213.222.41
Errick,MacConnell,emacconnellkr@uiuc.edu,Male,66.205.7.15
Winn,Van Daalen,wvandaalenks@ebay.com,Non-binary,213.211.55.118
Ozzy,McKinie,omckiniekt@indiatimes.com,Male,109.179.138.58
Joelly,Palfery,jpalferyku@vkontakte.ru,Bigender,217.40.175.52
Gloriana,Macura,gmacurakv@epa.gov,Bigender,82.104.42.251
Bill,Greenlees,bgreenleeskw@mediafire.com,Bigender,125.150.102.180
Sue,Jouaneton,sjouanetonkx@jimdo.com,Female,246.19.94.155
Ruddy,Finlater,rfinlaterky@oracle.com,Genderfluid,236.1.149.16
Gerladina,Huckell,ghuckellkz@abc.net.au,Non-binary,37.112.49.181
Cele,Pawels,cpawelsl0@soup.io,Agender,181.194.163.61
Durand,Woodison,dwoodisonl1@google.co.jp,Genderfluid,7.184.34.30
Florencia,Croll,fcrolll2@angelfire.com,Non-binary,65.247.36.43
Frazier,Duddin,fduddinl3@patch.com,Polygender,24.237.127.206
Kerr,Vahl,kvahll4@harvard.edu,Non-binary,30.212.87.52
Jilly,Anton,jantonl5@de.vu,Polygender,254.168.71.16
Bambie,Chiverton,bchivertonl6@soundcloud.com,Non-binary,9.131.155.70
Myca,Didball,mdidballl7@youku.com,Bigender,96.215.216.35
Fons,Inder,finderl8@bandcamp.com,Non-binary,116.2.197.119
Greta,Manderson,gmandersonl9@prweb.com,Bigender,184.253.179.157
Doug,Haskey,dhaskeyla@admin.ch,Genderfluid,239.203.218.5
Lin,Zoane,lzoanelb@free.fr,Polygender,177.108.176.185
Cori,Fathers,cfatherslc@friendfeed.com,Agender,224.40.12.175
Essa,Rhymer,erhymerld@facebook.com,Non-binary,11.58.109.108
Tilda,Rapson,trapsonle@umich.edu,Non-binary,120.216.229.42
Jillayne,Eshmade,jeshmadelf@google.nl,Female,194.225.115.224
Delmore,Cryer,dcryerlg@xinhuanet.com,Genderfluid,91.121.190.35
Michal,Sannes,msanneslh@hud.gov,Agender,254.132.45.2
Carroll,Grigoletti,cgrigolettili@rediff.com,Genderfluid,251.33.173.21
Wally,Shervil,wshervillj@earthlink.net,Non-binary,96.148.199.123
Hugo,Gauntlett,hgauntlettlk@tiny.cc,Agender,244.45.64.165
Gris,L'Amie,glamiell@photobucket.com,Bigender,204.37.79.182
Regina,Huckell,rhuckelllm@dot.gov,Bigender,141.103.107.101
Belle,Faughny,bfaughnyln@baidu.com,Genderfluid,40.87.149.148
Egan,McGrail,emcgraillo@jiathis.com,Agender,136.240.247.30
Sandra,Hazeman,shazemanlp@delicious.com,Agender,220.216.11.132
Poul,Faucett,pfaucettlq@tumblr.com,Male,2.35.47.23
Selby,Beeching,sbeechinglr@mapquest.com,Polygender,6.102.138.137
Taryn,Coventry,tcoventryls@kickstarter.com,Genderqueer,46.3.148.130
Andre,Karpfen,akarpfenlt@skyrock.com,Bigender,87.17.216.43
Britney,Cumo,bcumolu@weather.com,Agender,134.54.169.103
Shelby,Balmforth,sbalmforthlv@vimeo.com,Polygender,199.126.159.51
Carrol,Gilberthorpe,cgilberthorpelw@chron.com,Agender,207.39.204.173
Freeland,Ianilli,fianillilx@wp.com,Genderfluid,97.227.148.137
William,Ovett,wovettly@desdev.cn,Female,210.120.10.192
Logan,Norcross,lnorcrosslz@people.com.cn,Agender,227.8.97.86
Fae,Helian,fhelianm0@apple.com,Female,223.219.83.47
Danika,MacDearmid,dmacdearmidm1@hubpages.com,Polygender,247.206.222.107
Allys,Nasi,anasim2@dagondesign.com,Genderqueer,182.248.145.48
Ronny,Winspear,rwinspearm3@dropbox.com,Genderfluid,163.21.196.126
Amandie,Cheasman,acheasmanm4@state.tx.us,Polygender,99.54.2.45
Berti,Mirfin,bmirfinm5@msu.edu,Polygender,97.15.254.184
Rani,Olyunin,rolyuninm6@squidoo.com,Polygender,34.60.39.87
Joell,Oakley,joakleym7@purevolume.com,Genderfluid,54.221.83.56
Adair,Audas,aaudasm8@globo.com,Male,14.229.76.236
Vivi,Scorey,vscoreym9@wsj.com,Agender,78.13.149.142
Sileas,Shields,sshieldsma@blogger.com,Polygender,46.19.123.38
Ramona,Ephgrave,rephgravemb@uol.com.br,Polygender,41.184.36.31
Kelly,Locksley,klocksleymc@deliciousdays.com,Polygender,124.180.49.131
Amble,Joslow,ajoslowmd@over-blog.com,Agender,186.138.88.9
Anselm,Seawright,aseawrightme@hibu.com,Male,190.195.69.192
Bonnee,Dyzart,bdyzartmf@earthlink.net,Polygender,227.43.117.235
Simona,Felix,sfelixmg@pagesperso-orange.fr,Genderfluid,70.153.97.13
Kippar,McIan,kmcianmh@loc.gov,Genderfluid,199.52.253.2
Anabelle,Glave,aglavemi@skype.com,Agender,176.87.155.46
Ailee,Bartolommeo,abartolommeomj@gmpg.org,Female,40.182.228.117
Vassily,Caswill,vcaswillmk@oracle.com,Bigender,239.44.42.196
Bruce,Coldman,bcoldmanml@reverbnation.com,Agender,106.148.146.221
Chrissie,Tumpane,ctumpanemm@wired.com,Genderfluid,117.23.139.41
Carla,Giacoppo,cgiacoppomn@gnu.org,Genderfluid,1.178.207.148
Salli,Smittoune,ssmittounemo@discovery.com,Non-binary,66.41.84.49
Chris,Kornas,ckornasmp@mapquest.com,Agender,92.123.187.118
Hendrick,Uden,hudenmq@naver.com,Genderfluid,185.93.145.224
Nomi,Lusher,nlushermr@mozilla.org,Genderfluid,7.170.96.161
Faye,McConaghy,fmcconaghyms@moonfruit.com,Bigender,42.199.213.141
Maud,Kubas,mkubasmt@comsenz.com,Genderqueer,84.35.67.175
Lara,Abels,labelsmu@booking.com,Male,32.239.162.182
Amandi,Ranahan,aranahanmv@domainmarket.com,Polygender,42.210.251.118
Cyril,Cottill,ccottillmw@nifty.com,Agender,55.190.137.22
Leopold,Blatherwick,lblatherwickmx@cyberchimps.com,Agender,205.120.38.222
Trevar,Bottinelli,tbottinellimy@bloomberg.com,Male,2.98.244.144
Marten,Tungay,mtungaymz@merriam-webster.com,Genderfluid,57.97.60.231
Elisa,Juliano,ejulianon0@redcross.org,Polygender,150.246.145.150
Maren,Pattlel,mpattleln1@intel.com,Genderfluid,170.57.87.179
Spike,Jammes,sjammesn2@scientificamerican.com,Female,107.116.251.64
Faun,Dorber,fdorbern3@jigsy.com,Genderfluid,162.247.225.178
Karlens,Perigoe,kperigoen4@e-recht24.de,Non-binary,239.131.102.247
Valli,Bendall,vbendalln5@ft.com,Agender,116.102.32.219
Marnia,Issacov,missacovn6@google.de,Bigender,61.111.154.244
Annalise,Attawell,aattawelln7@pen.io,Male,67.194.41.186
Rebeka,Baggallay,rbaggallayn8@ibm.com,Non-binary,152.66.155.48
Jdavie,Evison,jevisonn9@nyu.edu,Polygender,117.144.83.132
Jolee,Barnicott,jbarnicottna@fema.gov,Agender,89.154.119.253
Chadd,Robelin,crobelinnb@ow.ly,Female,109.206.125.2
Silvester,Treasure,streasurenc@surveymonkey.com,Genderqueer,16.2.40.224
Tine,Pearcehouse,tpearcehousend@opensource.org,Genderqueer,245.10.172.121
Julius,Jeram,jjeramne@blog.com,Agender,130.5.90.62
Kamila,Eacle,keaclenf@youku.com,Bigender,166.246.33.59
Clayborn,Conman,cconmanng@cam.ac.uk,Polygender,254.119.112.128
Sapphira,Yeoman,syeomannh@google.de,Female,142.78.28.99
Currie,Willishire,cwillishireni@webnode.com,Female,227.100.46.247
Lucio,Hartopp,lhartoppnj@livejournal.com,Genderfluid,88.211.137.9
Lula,Shirt,lshirtnk@home.pl,Agender,132.3.3.62
Charil,Lemme,clemmenl@tmall.com,Male,38.208.171.25
Elnar,Marsay,emarsaynm@zimbio.com,Genderqueer,62.3.241.230
Nikolaus,Saterweyte,nsaterweytenn@wikispaces.com,Genderqueer,254.3.58.134
Nealy,Finker,nfinkerno@domainmarket.com,Polygender,13.174.212.185
Eada,Sherrocks,esherrocksnp@nba.com,Genderqueer,94.188.2.254
Katya,Maneylaws,kmaneylawsnq@stanford.edu,Agender,233.158.188.231
Loise,Jerosch,ljeroschnr@odnoklassniki.ru,Genderqueer,173.89.80.53
Uriel,Iannelli,uiannellins@woothemes.com,Genderqueer,35.3.40.121
Broddy,Perryn,bperrynnt@bbc.co.uk,Genderfluid,119.212.123.61
Tammie,Watkin,twatkinnu@dyndns.org,Bigender,206.76.177.9
Moselle,Brok,mbroknv@yale.edu,Non-binary,42.244.36.101
Vonny,Fitchet,vfitchetnw@unc.edu,Genderfluid,201.198.33.15
Carol-jean,Scawn,cscawnnx@marriott.com,Male,176.219.129.17
Dall,Blaxley,dblaxleyny@epa.gov,Non-binary,128.12.50.180
Micheline,Abrashkov,mabrashkovnz@oakley.com,Non-binary,129.85.220.61
Josselyn,Blacklawe,jblacklaweo0@independent.co.uk,Polygender,98.77.132.157
Suki,Allcorn,sallcorno1@xing.com,Non-binary,93.144.161.128
Llewellyn,Rubinovici,lrubinovicio2@nih.gov,Non-binary,65.101.149.103
Della,Glenny,dglennyo3@github.com,Male,13.63.56.88
Vic,Dallander,vdallandero4@ca.gov,Polygender,34.103.174.43
Gare,Storkes,gstorkeso5@devhub.com,Genderfluid,69.232.4.158
Fairleigh,Hurll,fhurllo6@scribd.com,Genderqueer,127.111.185.168
Thornton,Kilalea,tkilaleao7@dailymotion.com,Genderfluid,73.120.57.229
Rad,Castro,rcastroo8@github.com,Female,109.252.139.85
Hamel,Daysh,hdaysho9@youku.com,Male,155.85.132.50
Benyamin,Vedmore,bvedmoreoa@chicagotribune.com,Polygender,55.98.175.27
Lorettalorna,Eberts,lebertsob@theglobeandmail.com,Polygender,206.217.213.179
Clevie,Sibbs,csibbsoc@privacy.gov.au,Female,135.139.13.44
Cordula,Wilbraham,cwilbrahamod@nhs.uk,Genderfluid,209.16.96.30
Nikolia,Vassman,nvassmanoe@unc.edu,Genderfluid,222.138.43.142
Andrus,Jills,ajillsof@opera.com,Agender,156.134.152.226
Harwell,Bigmore,hbigmoreog@odnoklassniki.ru,Agender,218.34.137.174
Wendeline,Langshaw,wlangshawoh@whitehouse.gov,Polygender,140.231.93.104
Addie,Bosward,aboswardoi@csmonitor.com,Genderfluid,114.75.75.136
Gayelord,Bever,gbeveroj@nps.gov,Non-binary,185.36.173.191
Derby,Pirkis,dpirkisok@arstechnica.com,Polygender,44.96.232.185
Hanny,Hayfield,hhayfieldol@artisteer.com,Genderqueer,180.165.34.30
Janaya,Beament,jbeamentom@baidu.com,Bigender,78.107.84.35
Cybill,Martland,cmartlandon@mediafire.com,Bigender,190.97.187.203
Angel,Dooly,adoolyoo@wufoo.com,Agender,176.194.231.34
Ebony,Hanhard,ehanhardop@purevolume.com,Male,171.112.74.157
Adrienne,Hexter,ahexteroq@networksolutions.com,Genderqueer,80.84.126.198
Abraham,Exley,aexleyor@nydailynews.com,Genderfluid,247.61.188.28
Ash,Reinhart,areinhartos@businesswire.com,Non-binary,212.16.210.224
Kenyon,Schulz,kschulzot@house.gov,Genderqueer,214.122.76.73
Margaret,Varran,mvarranou@gov.uk,Genderfluid,35.151.232.202
Bernadine,Curnock,bcurnockov@cloudflare.com,Non-binary,138.130.211.95
Malissia,Brotherwood,mbrotherwoodow@parallels.com,Bigender,234.194.147.89
Danny,Gorusso,dgorussoox@nature.com,Polygender,200.196.145.97
Rycca,Petrozzi,rpetrozzioy@soundcloud.com,Bigender,73.125.235.193
Carolyn,Russell,crusselloz@tuttocitta.it,Male,235.1.162.41
Fidelity,Lenton,flentonp0@mozilla.org,Male,157.195.191.142
Ichabod,Harradence,iharradencep1@redcross.org,Female,73.84.101.57
Orion,Destouche,odestouchep2@flavors.me,Female,130.13.90.123
Ingram,Attewell,iattewellp3@google.es,Male,101.172.86.206
Jordana,Cumine,jcuminep4@wordpress.com,Female,227.6.97.200
Avivah,Dymond,adymondp5@privacy.gov.au,Non-binary,59.14.97.212
Kalinda,Read,kreadp6@ameblo.jp,Genderfluid,135.235.226.250
Randy,Tunno,rtunnop7@infoseek.co.jp,Non-binary,16.186.75.182
Aguistin,Frizell,afrizellp8@plala.or.jp,Agender,248.199.45.203
Sven,Oppy,soppyp9@nationalgeographic.com,Polygender,196.19.84.126
Hunt,Samwayes,hsamwayespa@sohu.com,Bigender,55.244.110.90
Darcy,Abrams,dabramspb@ucla.edu,Genderfluid,44.253.219.202
Sebastian,MacFayden,smacfaydenpc@so-net.ne.jp,Bigender,184.32.88.233
Tammie,Buttress,tbuttresspd@japanpost.jp,Genderfluid,185.13.178.195
Neile,Gosalvez,ngosalvezpe@moonfruit.com,Genderqueer,133.18.196.58
Lonny,Mocquer,lmocquerpf@youku.com,Agender,30.14.249.194
Bayard,Repp,brepppg@drupal.org,Female,213.154.198.23
Denver,Offen,doffenph@cbslocal.com,Bigender,120.204.24.118
Klarrisa,Gosforth,kgosforthpi@vimeo.com,Genderqueer,84.171.93.214
Orran,MacKerley,omackerleypj@nih.gov,Bigender,93.150.37.194
Mikkel,Melbert,mmelbertpk@vkontakte.ru,Non-binary,120.200.179.214
Alyce,MacGahy,amacgahypl@bloglines.com,Male,174.216.132.220
Cody,Bodocs,cbodocspm@csmonitor.com,Non-binary,243.49.205.37
Bathsheba,Cleator,bcleatorpn@vinaora.com,Non-binary,155.42.70.10
Malanie,Domelow,mdomelowpo@a8.net,Non-binary,41.64.128.242
Tonia,Coady,tcoadypp@blog.com,Female,103.80.16.112
Peta,Chadbourne,pchadbournepq@acquirethisname.com,Polygender,29.43.92.11
Lowrance,Cazalet,lcazaletpr@un.org,Polygender,189.184.70.60
Carmencita,Phlippi,cphlippips@blogs.com,Genderqueer,50.169.206.118
Liva,Galier,lgalierpt@google.com,Male,220.75.9.22
Annetta,Draijer,adraijerpu@addtoany.com,Female,142.201.232.46
Duffie,Geleman,dgelemanpv@fotki.com,Agender,85.228.129.186
Joan,Angrave,jangravepw@1688.com,Male,133.164.110.114
Elinore,Alvarez,ealvarezpx@ebay.co.uk,Non-binary,227.46.71.152
Aurore,Grahamslaw,agrahamslawpy@webmd.com,Female,181.144.82.64
Hammad,Tippett,htippettpz@prweb.com,Polygender,122.39.107.0
Verina,Ector,vectorq0@google.cn,Polygender,147.59.90.5
Malinde,Landrieu,mlandrieuq1@marriott.com,Female,124.151.32.246
Bette,Milland,bmillandq2@chron.com,Genderfluid,144.206.80.169
Ban,Kiera,bkieraq3@bravesites.com,Genderqueer,62.32.11.34
Nolly,Muffin,nmuffinq4@archive.org,Female,24.242.225.194
Zachary,Ruddoch,zruddochq5@dropbox.com,Polygender,175.199.220.134
Nye,Karppi,nkarppiq6@marriott.com,Non-binary,25.16.52.19
Kizzee,Haigh,khaighq7@wordpress.com,Polygender,184.77.155.134
Rubetta,Bocken,rbockenq8@tumblr.com,Female,179.33.21.59
Elvina,MacTerlagh,emacterlaghq9@dagondesign.com,Agender,20.224.163.122
Inesita,Makeswell,imakeswellqa@jimdo.com,Female,180.119.148.172
Fremont,Winchcum,fwinchcumqb@discuz.net,Polygender,71.52.247.101
Genevieve,Bellow,gbellowqc@oaic.gov.au,Bigender,132.89.77.185
Giusto,Gillson,ggillsonqd@opensource.org,Female,92.112.78.70
Spense,Kibard,skibardqe@netscape.com,Polygender,48.146.151.222
Jonathan,Douthwaite,jdouthwaiteqf@google.de,Female,143.210.105.58
Ansell,Ivanishev,aivanishevqg@stanford.edu,Male,210.99.251.120
Dalenna,Savins,dsavinsqh@miitbeian.gov.cn,Non-binary,131.107.212.63
Cobb,Grimme,cgrimmeqi@fotki.com,Genderqueer,8.204.107.205
Codi,Wofenden,cwofendenqj@wix.com,Non-binary,33.200.78.232
Miguela,Tallboy,mtallboyqk@census.gov,Agender,35.62.57.94
Sile,Presnell,spresnellql@pagesperso-orange.fr,Polygender,228.58.232.206
Brenda,Gulk,bgulkqm@vkontakte.ru,Female,31.155.215.111
Erin,Gniewosz,egniewoszqn@fotki.com,Polygender,35.191.176.221
Luce,Challiss,lchallissqo@webnode.com,Non-binary,32.79.167.118
Urban,Digweed,udigweedqp@adobe.com,Male,123.147.255.82
Ad,De Matteis,adematteisqq@prweb.com,Bigender,118.73.253.42
Gill,Crampton,gcramptonqr@squarespace.com,Polygender,218.242.249.67
Tracee,Roughan,troughanqs@netscape.com,Male,210.172.213.67
Danyelle,Playfoot,dplayfootqt@wikia.com,Genderqueer,194.143.68.70
Alfred,Apple,aapplequ@odnoklassniki.ru,Genderqueer,48.49.126.104
Emelia,Dawdry,edawdryqv@unc.edu,Polygender,55.176.99.179
Ignacio,Willmont,iwillmontqw@issuu.com,Genderqueer,191.155.53.122
Aarika,MacCarter,amaccarterqx@cdc.gov,Female,43.59.147.111
Paulina,Cantu,pcantuqy@biglobe.ne.jp,Bigender,176.130.61.125
Garwin,Ramme,grammeqz@loc.gov,Female,115.130.59.65
Marillin,Lawie,mlawier0@google.com,Genderqueer,112.3.5.225
Michel,Hambric,mhambricr1@vistaprint.com,Genderqueer,123.24.177.155
Jody,Amaya,jamayar2@squidoo.com,Non-binary,101.127.221.127
Valencia,Scarre,vscarrer3@reddit.com,Genderfluid,203.244.8.250
Ethelind,Beavington,ebeavingtonr4@typepad.com,Genderqueer,98.135.178.220
Yule,Dowglass,ydowglassr5@desdev.cn,Non-binary,73.238.144.172
Obadias,Goggins,ogogginsr6@scribd.com,Polygender,174.88.99.199
Lauritz,Kynston,lkynstonr7@thetimes.co.uk,Bigender,175.192.80.209
Marcy,Grafhom,mgrafhomr8@youtube.com,Female,167.35.6.127
Isabelita,Nisard,inisardr9@ustream.tv,Polygender,99.83.222.171
Arlette,Domange,adomangera@admin.ch,Bigender,113.240.147.115
Carlynn,Everal,ceveralrb@xrea.com,Polygender,140.82.124.151
Zollie,Eouzan,zeouzanrc@oakley.com,Polygender,254.42.83.215
Ruthanne,Novichenko,rnovichenkord@w3.org,Genderqueer,234.159.237.56
Benedicta,Harford,bharfordre@hugedomains.com,Male,156.93.5.84
Kim,Broggetti,kbroggettirf@princeton.edu,Bigender,188.90.64.160
Ayn,Abramski,aabramskirg@globo.com,Female,171.164.243.20
Delcina,Horburgh,dhorburghrh@pinterest.com,Agender,73.185.61.198
Liza,Ollarenshaw,lollarenshawri@bloglovin.com,Non-binary,10.28.54.249
Alexandro,Hanratty,ahanrattyrj@qq.com,Genderqueer,216.111.55.140
Karyl,Shane,kshanerk@flavors.me,Bigender,60.214.252.201
Harmony,Jefferson,hjeffersonrl@mtv.com,Female,211.101.247.52
Cherida,Shepheard,cshepheardrm@feedburner.com,Polygender,170.252.164.113
Winthrop,Hinckes,whinckesrn@cbsnews.com,Male,61.154.51.192
Sibby,Blaxton,sblaxtonro@tamu.edu,Polygender,52.67.13.68
Aubrey,Pellitt,apellittrp@booking.com,Female,88.26.56.244
Jessalin,Capelle,jcapellerq@elpais.com,Male,13.88.66.127
Fionna,MacAiline,fmacailinerr@ucla.edu,Non-binary,149.238.247.214
